product_code,product_name,price,availability,description,category,brand,image_url,stock_status,scrape_status,error_message,location_Local,location_Other,location_Branch
10002.0,SILO BAG GRAIN BAG 9FT X 75MT RF **,,Out of Stock,,,,,Out of Stock,success,,0,0,Sydney
10003.0,,,,,,,,,success,,,,Sydney
10004.0,,,,,,,,,success,,,,Sydney
10008.0,RIDLEY PALASTART AS ORD (INV PRICE)##,,Out of Stock,,,,,Out of Stock,success,,0,0,Sydney
10009.0,ALTUS RENEWABLES AS ORD (INV PRICE) ##,,Out of Stock,,,,,Out of Stock,success,,0,0,Sydney
10010.0,ARS PREM HOSE12MMX18M(FITTED)ARS1497**@@,,Out of Stock,,,,,Out of Stock,success,,0,0,Sydney
10011.0,ARS PREM HOSE12MMX30M(FITTED)ARS1503**@@,,Out of Stock,,,,,Out of Stock,success,,0,0,Sydney
10012.0,ARS PREM HOSE 18MMX18M ARS1527 **@@,,Out of Stock,,,,,Out of Stock,success,,0,0,Sydney
10028.0,,,,,,,,,success,,,,Sydney
10030.0,OMEGA GREYSTRIPE SUNFLOWER 25KG (SYD)**,,Out of Stock,,,,,Out of Stock,success,,0,0,Sydney
10032.0,,,,,,,,,success,,,,Sydney
10049.0,CHOOKETERIA DOUBLE 10KG ##,,Out of Stock,,,,,Out of Stock,success,,0,0,Sydney
10060.0,TECHWARE AS ORD EX GST (INV PRICE) ##,,Out of Stock,,,,,Out of Stock,success,,0,0,Sydney
10082.0,,,,,,,,,success,,,,Sydney
10083.0,,,,,,,,,success,,,,Sydney
10088.0,NEUTROG UPSERGE 20KG **,,In Stock (35 available),,,,,In Stock,success,,8,27,Sydney
10101.0,CHF ORG BACKYARD LAY PELLET20KG(MEL)**@@,,Out of Stock,,,,,Out of Stock,success,,0,0,Sydney
10103.0,CHF VIRTUE ORGANIC ADULT DOG 8KG(MEL**@@,,Out of Stock,,,,,Out of Stock,success,,0,0,Sydney
10104.0,,,,,,,,,success,,,,Sydney
10105.0,,,,,,,,,success,,,,Sydney
10106.0,,,,,,,,,success,,,,Sydney
10108.0,,,,,,,,,success,,,,Sydney
10113.0,JD MONSTER TREADS DUMP TRUCK 12C 46039##,,Out of Stock,,,,,Out of Stock,success,,0,0,Sydney
10120.0,JD JOHNNY TRACTOR FIX IT UP 35063 ##,,Out of Stock,,,,,Out of Stock,success,,0,0,Sydney
10122.0,JD BUCKET AND TRACTOR SET 37694 ##,,Out of Stock,,,,,Out of Stock,success,,0,0,Sydney
10123.0,JD BIG SCOOP EXCAVATOR 38CM 35765 *,,In Stock (27 available),,,,,In Stock,success,,0,27,Sydney
10124.0,JD BIG SCOOP TRUCK DUMP 38CM 35766 *,,In Stock (14 available),,,,,In Stock,success,,3,11,Sydney
10125.0,JD TRACTOR BIG SCOOP 53CM ##,,Out of Stock,,,,,Out of Stock,success,,0,0,Sydney
10137.0,IO AMMONIUM SULPHATE FERT (TBD) 25KG ##,,Out of Stock,,,,,Out of Stock,success,,0,0,Sydney
10139.0,VIRBAC CYDECTIN PO + FLUKE 2LTRS **,,In Stock (4 available),,,,,In Stock,success,,3,1,Sydney
10140.0,VIRBAC CYDECTIN PO + FLUKE 5LTRS **,,In Stock (7 available),,,,,In Stock,success,,0,7,Sydney
10187.0,CM LABS FLYGON GOLD 5LTRS **,,In Stock (162 available),,,,,In Stock,success,,95,67,Sydney
1019.0,NOVARTIS FASIMEC SHEEP 5LTR (DISC) ##,,Out of Stock,,,,,Out of Stock,success,,0,0,Sydney
10193.0,OMYA AS ORDERED (MU1%) ##,,Out of Stock,,,,,Out of Stock,success,,0,0,Sydney
10195.0,CHF ORG CHICK START GROW MASH 20KG (SYD*,,In Stock (7 available),,,,,In Stock,success,,7,0,Sydney
10221.0,RANVET ALLWORMER FOR DOGS 25KG 50TAB **,,In Stock (50 available),,,,,In Stock,success,,8,42,Sydney
10222.0,APPARENT CHECK MATE 1000L (TRIALLATE) **,,In Stock (7 available),,,,,In Stock,success,,0,7,Sydney
10230.0,APPARENT 24D ESTER 680 110LTRS **,,In Stock (130 available),,,,,In Stock,success,,0,130,Sydney
10231.0,TOPTAC INT. AS ORDERED (INV PRICE) ##,,Out of Stock,,,,,Out of Stock,success,,0,0,Sydney
10241.0,,,,,,,,,success,,,,Sydney
10242.0,PRODAIRY BOOSTY CALF 15MLS ##,,Out of Stock,,,,,Out of Stock,success,,0,0,Sydney
10243.0,PRODAIRY BOOSTY CALF 60MLS (MULTI) ##,,Out of Stock,,,,,Out of Stock,success,,0,0,Sydney
10246.0,PATRIOT 0.5J (PTT PMX5) ##,,Out of Stock,,,,,Out of Stock,success,,0,0,Sydney
10248.0,SUNDRY CLEARANCE ITEMS **,,In Stock (43 available),,,,,In Stock,success,,0,43,Sydney
10250.0,VIRBAC CYDECTIN PLUS COMBAT PACK ##,,Out of Stock,,,,,Out of Stock,success,,0,0,Sydney
10251.0,,,,,,,,,success,,,,Sydney
10255.0,COPRICE WORKING DOG FORMULA 20KG (DAR)##,,Out of Stock,,,,,Out of Stock,success,,0,0,Sydney
10258.0,,,,,,,,,success,,,,Sydney
10260.0,,,,,,,,,success,,,,Sydney
10271.0,,,,,,,,,success,,,,Sydney
10272.0,,,,,,,,,success,,,,Sydney
10274.0,COPRICE BEDDING RICE HULL 125KG (DAR) ##,,Out of Stock,,,,,Out of Stock,success,,0,0,Sydney
10276.0,HOWARD MARTIN OATS 40KG ##,,Out of Stock,,,,,Out of Stock,success,,0,0,Sydney
10277.0,JL RAVEN OIL/OIL BASED DYE (BROWN)50ML**,,Out of Stock,,,,,Out of Stock,success,,0,0,Sydney
10278.0,,,,,,,,,success,,,,Sydney
10302.0,PAW COAT SKIN NAILS CHEWS 300GM TBD#,,In Stock (1 available),,,,,In Stock,success,,0,1,Sydney
10303.0,PAW WELLNESS + VITALITY CHEWS 300GM **,,In Stock (4 available),,,,,In Stock,success,,0,4,Sydney
10357.0,,,,,,,,,success,,,,Sydney
10367.0,BD BISCUIT MIXED 1KG (B614) *,,In Stock (24 available),,,,,In Stock,success,,0,24,Sydney
10368.0,BD CHICKEN BREAST 120GM !!,,Out of Stock,,,,,Out of Stock,success,,0,0,Sydney
10380.0,,,Out of Stock,,,,,Out of Stock,success,,0,0,Sydney
10381.0,TH ENERGISER MAINS M350 !!,,Out of Stock,,,,,Out of Stock,success,,0,0,Sydney
10383.0,,,,,,,,,success,,,,Sydney
10385.0,TH THERMOMTER DIGITAL !!,,Out of Stock,,,,,Out of Stock,success,,0,0,Sydney
10386.0,TH ENERGISER SOLAR 7.5KM !!,,Out of Stock,,,,,Out of Stock,success,,0,0,Sydney
10387.0,,,,,,,,,success,,,,Sydney
10388.0,TH EARTH ROD !!,,Out of Stock,,,,,Out of Stock,success,,0,0,Sydney
10389.0,"TH SIGN ""BEWARE OF THE DOG"" !!",,Out of Stock,,,,,Out of Stock,success,,0,0,Sydney
10393.0,TH STAND-OFF SCREW IN (RING) !!,,Out of Stock,,,,,Out of Stock,success,,0,0,Sydney
10394.0,TH ELECTROCAPS LONG !!,,Out of Stock,,,,,Out of Stock,success,,0,0,Sydney
10395.0,TH JOINING CLAMP BOLT TYPE !!,,Out of Stock,,,,,Out of Stock,success,,0,0,Sydney
10396.0,BROWNS GARLIC GRANULES 12.5KG ##,,Out of Stock,,,,,Out of Stock,success,,0,0,Sydney
10397.0,CPAH GINGER POWDER 2.5KG ###,,Out of Stock,,,,,Out of Stock,success,,0,0,Sydney
10398.0,BROWNS BEETROOT POWDER 1KG !!,,Out of Stock,,,,,Out of Stock,success,,0,0,Sydney
10399.0,BROWNS COMFREY 1KG !!,,Out of Stock,,,,,Out of Stock,success,,0,0,Sydney
10401.0,BROWNS DEVILS CLAW ROOT 1KG !!,,Out of Stock,,,,,Out of Stock,success,,0,0,Sydney
10402.0,BROWNS ECHINACEA 1KG !!,,Out of Stock,,,,,Out of Stock,success,,0,0,Sydney
10406.0,BROWNS OLD DARLING 1KG ##,,Out of Stock,,,,,Out of Stock,success,,0,0,Sydney
10407.0,CPAH GINGER POWDER 2KG ###,,Out of Stock,,,,,Out of Stock,success,,0,0,Sydney
10408.0,BROWNS ROSEHIP GRANULES 2KG !!,,Out of Stock,,,,,Out of Stock,success,,0,0,Sydney
10409.0,BROWNS ROSEHIP GRANULES 1KG !!,,Out of Stock,,,,,Out of Stock,success,,0,0,Sydney
10410.0,BROWNS CHAMOMILE FLOWERS 1KG !!,,Out of Stock,,,,,Out of Stock,success,,0,0,Sydney
10411.0,,,,,,,,,success,,,,Sydney
10412.0,DAKEN CALF BOTTLE FEEDER SUPREME 2.5LT!!,,Out of Stock,,,,,Out of Stock,success,,0,0,Sydney
10413.0,DAKEN U/G CABLE1.6MMX25MT !!,,Out of Stock,,,,,Out of Stock,success,,0,0,Sydney
10414.0,,,,,,,,,success,,,,Sydney
10415.0,DAKEN INSULATOR TAPE RAIL !!,,Out of Stock,,,,,Out of Stock,success,,0,0,Sydney
10416.0,DAKEN TREAD IN PIGTAIL (HEAVY) !!,,Out of Stock,,,,,Out of Stock,success,,0,0,Sydney
10417.0,OTWAY BARNYARD HI 2 BLK/RED 7 ##,,Out of Stock,,,,,Out of Stock,success,,0,0,Sydney
10418.0,OTWAY BARNYARD LO 8 ##,,Out of Stock,,,,,Out of Stock,success,,0,0,Sydney
10419.0,DPG OTWAY ALL ROUNDER !!,,Out of Stock,,,,,Out of Stock,success,,0,0,Sydney
10420.0,DIVERSEY AQUABLUE BOX 12KG ##,,Out of Stock,,,,,Out of Stock,success,,0,0,Sydney
10421.0,,,,,,,,,success,,,,Sydney
10422.0,DJM MAXI WRAP 7.5CM ##,,Out of Stock,,,,,Out of Stock,success,,0,0,Sydney
10424.0,OTWAY RANGER LO STEEL BLK 7 ##,,Out of Stock,,,,,Out of Stock,success,,0,0,Sydney
10425.0,OTWAY STROLLER HI COWBOY BLK/RED 7 ##,,Out of Stock,,,,,Out of Stock,success,,0,0,Sydney
10427.0,,,,,,,,,success,,,,Sydney
10428.0,HULA WOOD HANDLE SPADE ##,,Out of Stock,,,,,Out of Stock,success,,0,0,Sydney
10430.0,"EBOS NEEDLES 23G X 1 1/4"" EACH**",,In Stock (90 available),,,,,In Stock,success,,0,90,Sydney
10431.0,EBOS SYRINGE 3ML SLIP**,,In Stock (8196 available),,,,,In Stock,success,,800,7396,Sydney
10432.0,EBOS SYRINGE 1ML SLIP**,,In Stock (600 available),,,,,In Stock,success,,0,600,Sydney
10433.0,,,,,,,,,success,,,,Sydney
10434.0,,,,,,,,,success,,,,Sydney
10435.0,"EBOS NEEDLES 21G X 1"" EACH**",,In Stock (3800 available),,,,,In Stock,success,,300,3500,Sydney
10436.0,EBOS SYRINGE 30ML SLIP**,,In Stock (2747 available),,,,,In Stock,success,,100,2647,Sydney
10437.0,,,,,,,,,success,,,,Sydney
10438.0,"EBOS NEEDLES 20G X 1"" EACH **",,In Stock (500 available),,,,,In Stock,success,,0,500,Sydney
10445.0,"EBOS NEEDLES 22G X 3/4"" TBD##",,Out of Stock,,,,,Out of Stock,success,,0,0,Sydney
10450.0,HILLS FELINE SENS STOM 1.6KG !!,,Out of Stock,,,,,Out of Stock,success,,0,0,Sydney
10453.0,EQNDE LEATHER DRESSING 400GM !!,,Out of Stock,,,,,Out of Stock,success,,0,0,Sydney
10454.0,ERGOGENICS WEIGHTT LIFTER RACEBASE 25KG!,,Out of Stock,,,,,Out of Stock,success,,0,0,Sydney
10465.0,GALL SGL LOCKSET STEEL POST 260MM SG201!,,In Stock (45 available),,,,,In Stock,success,,0,45,Sydney
10466.0,GALL POLY BRAID TURBO 125MT !!,,Out of Stock,,,,,Out of Stock,success,,0,0,Sydney
10467.0,GALL ENERGISER HOBBY MASTER !!,,Out of Stock,,,,,Out of Stock,success,,0,0,Sydney
10469.0,GALL POLY BRAID TURBO 400MT !!,,Out of Stock,,,,,Out of Stock,success,,0,0,Sydney
10472.0,,,,,,,,,success,,,,Sydney
10474.0,GALL INSULATOR TREAD-IN SCREW ON !!,,Out of Stock,,,,,Out of Stock,success,,0,0,Sydney
10475.0,GALL VOLT METER NEON !!,,Out of Stock,,,,,Out of Stock,success,,0,0,Sydney
10478.0,GALL TREAD-IN PLASTIC MULTI-WIRE !!,,Out of Stock,,,,,Out of Stock,success,,0,0,Sydney
10480.0,GALL WIRE TIGHTNER & CLIP G64304 !!,,In Stock (12 available),,,,,In Stock,success,,0,12,Sydney
10481.0,GALL INSULATOR WOOD POST WIDEJAW G67614!,,In Stock (200 available),,,,,In Stock,success,,0,200,Sydney
10494.0,GRINTERS KNIFE SHARPENER SAVE EDGE !!,,Out of Stock,,,,,Out of Stock,success,,0,0,Sydney
10503.0,GRINTERS H SILVER QUEEN 4 !!,,Out of Stock,,,,,Out of Stock,success,,0,0,Sydney
10541.0,TALLAHES QUALITY S/C H 4 !!,,Out of Stock,,,,,Out of Stock,success,,0,0,Sydney
10551.0,TALLAHES QUALITY S/C H 7 !!,,Out of Stock,,,,,Out of Stock,success,,0,0,Sydney
10598.0,TALLAHES MALAYSIAN OB F 4 !!,,Out of Stock,,,,,Out of Stock,success,,0,0,Sydney
10634.0,KENTUCKY EQUIVIT GOLD PELLETS 3.5KG !!,,Out of Stock,,,,,Out of Stock,success,,0,0,Sydney
10661.0,KOHNKES OWN HOOF-SEAL 2LT !!,,Out of Stock,,,,,Out of Stock,success,,0,0,Sydney
10662.0,KOHNKES OWN HOOF-SEAL 500ML (CRA) !!,,Out of Stock,,,,,Out of Stock,success,,0,0,Sydney
10666.0,KOHNKES OWN PALOMINO GOLD 1.4 KG (CRA)##,,Out of Stock,,,,,Out of Stock,success,,0,0,Sydney
10668.0,LAUCKE RED HEN FREE RANGE GREEN 30KG TBD,,Out of Stock,,,,,Out of Stock,success,,0,0,Sydney
10669.0,LAUCKE PIGEON RACER MIX 20KG M. !!,,Out of Stock,,,,,Out of Stock,success,,0,0,Sydney
10681.0,,,,,,,,,success,,,,Sydney
10682.0,LEADER MARKING RING PKT 100 !!,,Out of Stock,,,,,Out of Stock,success,,0,0,Sydney
10683.0,LEADER TEAT CALFETERIA BLACK 1204 !!,,Out of Stock,,,,,Out of Stock,success,,0,0,Sydney
10695.0,,,,,,,,,success,,,,Sydney
10742.0,MI WORMER SMALL ANIMAL 50 ML !!,,Out of Stock,,,,,Out of Stock,success,,0,0,Sydney
10743.0,WHITES WIRE 2.5MM MED TENSILE 1500MT !!,,Out of Stock,,,,,Out of Stock,success,,0,0,Sydney
10807.0,,,,,,,,,success,,,,Sydney
10808.0,MI RUG DOG OILSKIN/SHERPA 50CM !!,,Out of Stock,,,,,Out of Stock,success,,0,0,Sydney
10809.0,,,,,,,,,success,,,,Sydney
10813.0,MI GLOBE INFARED 100 WATT !!,,Out of Stock,,,,,Out of Stock,success,,0,0,Sydney
10814.0,MI FEEDER PARROT HOPPER 4'' !!,,Out of Stock,,,,,Out of Stock,success,,0,0,Sydney
10816.0,MI FEED J&S OLD MATE 20KG **,,Out of Stock,,,,,Out of Stock,success,,0,0,Sydney
10817.0,MI DOG BOWL OILSKIN LARGE !!,,Out of Stock,,,,,Out of Stock,success,,0,0,Sydney
10820.0,MI DOG BED K9 FOAM MAT MED SHADECL!!,,Out of Stock,,,,,Out of Stock,success,,0,0,Sydney
10823.0,MI DOG BED SHERPA DACRON SMALL !!,,Out of Stock,,,,,Out of Stock,success,,0,0,Sydney
10824.0,MI DOG BED SHERPA DACRON LARGE !!,,Out of Stock,,,,,Out of Stock,success,,0,0,Sydney
10829.0,MUSTAD HOOF KNIVE ASCOT R/HAND !!,,Out of Stock,,,,,Out of Stock,success,,0,0,Sydney
10830.0,"MI BRIDLE 1/2"" RACE W/REINS !!",,Out of Stock,,,,,Out of Stock,success,,0,0,Sydney
10849.0,MI BOOTS CUSHION SHIN BOOT RBLUE FULL!,,Out of Stock,,,,,Out of Stock,success,,0,0,Sydney
10859.0,MI EQUI ROPE 200MT !!,,Out of Stock,,,,,Out of Stock,success,,0,0,Sydney
10860.0,MI ELECTROBRAID REEL SPECKLED 1200FT !!,,Out of Stock,,,,,Out of Stock,success,,0,0,Sydney
10896.0,MI BUCKET 14L RECYLED RUBBER !!,,Out of Stock,,,,,Out of Stock,success,,0,0,Sydney
10897.0,"MI GATE VALVE BRASS 1/2"" SIDDONS !!",,Out of Stock,,,,,Out of Stock,success,,0,0,Sydney
10900.0,MI TEA TREE FLEA & TICK SHAMPOO 250ML!!,,Out of Stock,,,,,Out of Stock,success,,0,0,Sydney
10901.0,MI EAR CANKER DROPS 125ML !!,,Out of Stock,,,,,Out of Stock,success,,0,0,Sydney
10904.0,,,,,,,,,success,,,,Sydney
10906.0,MI NESTING MATERIAL 100GM !!,,Out of Stock,,,,,Out of Stock,success,,0,0,Sydney
10907.0,MI NESTING MATERIAL PARROT 500GM !!,,Out of Stock,,,,,Out of Stock,success,,0,0,Sydney
10908.0,MI PET DOOR SMALL !!,,Out of Stock,,,,,Out of Stock,success,,0,0,Sydney
10909.0,MI PET DOOR MEDIUM !!,,Out of Stock,,,,,Out of Stock,success,,0,0,Sydney
10910.0,MI PET DOOR LARGE !!,,Out of Stock,,,,,Out of Stock,success,,0,0,Sydney
10911.0,MI SPIKEY GOURD SMALL !!,,Out of Stock,,,,,Out of Stock,success,,0,0,Sydney
10912.0,MI DOG CHAIN 3MT !!,,Out of Stock,,,,,Out of Stock,success,,0,0,Sydney
10913.0,MI RUG DOG OILSKIN/SHERPA 30CM PURPLE !!,,Out of Stock,,,,,Out of Stock,success,,0,0,Sydney
10914.0,MI RUG DOG DRESSED UP PURPLE 55 CM !!,,Out of Stock,,,,,Out of Stock,success,,0,0,Sydney
10915.0,MI RUG DOG WATERPROOF 50 CM !!,,Out of Stock,,,,,Out of Stock,success,,0,0,Sydney
10917.0,MI SPRAY MATIC 1.25 LITRE !!,,Out of Stock,,,,,Out of Stock,success,,0,0,Sydney
10918.0,MI SPRAYER NOZZLE ADJUSTABLE PLASTIC !!,,Out of Stock,,,,,Out of Stock,success,,0,0,Sydney
10920.0,SKYE HOOD BLUELINE NAVY/CHECK !!,,Out of Stock,,,,,Out of Stock,success,,0,0,Sydney
10921.0,MI FLY MASK LAMB WOOL !!,,Out of Stock,,,,,Out of Stock,success,,0,0,Sydney
10922.0,MI NECK RUG STANDARD LG SKYE PARK !!,,Out of Stock,,,,,Out of Stock,success,,0,0,Sydney
10924.0,SKYE UNDER RUG COMFORT WOOL BLUE GREEN!!,,Out of Stock,,,,,Out of Stock,success,,0,0,Sydney
10925.0,SKYE SADDLE CLOTH WOOL !!,,Out of Stock,,,,,Out of Stock,success,,0,0,Sydney
10926.0,SPECIALISED DRUM 50LT TERRACOTTA !!,,Out of Stock,,,,,Out of Stock,success,,0,0,Sydney
10927.0,MI BUCKET ROUND 90 LT !!,,Out of Stock,,,,,Out of Stock,success,,0,0,Sydney
10928.0,,,,,,,,,success,,,,Sydney
10929.0,MI DMG 3 KG !!,,Out of Stock,,,,,Out of Stock,success,,0,0,Sydney
10930.0,MI HAMMER JIM POOR 10 OZ !!,,Out of Stock,,,,,Out of Stock,success,,0,0,Sydney
10931.0,,,,,,,,,success,,,,Sydney
10932.0,MI HOOF KNIVE HALL LGE ABSESS !!,,Out of Stock,,,,,Out of Stock,success,,0,0,Sydney
10933.0,PRESTIGE SHOWSHEEN WITH SPRAY 946ML !!,,Out of Stock,,,,,Out of Stock,success,,0,0,Sydney
10935.0,MI SPRAYER NOZZLE ADJUSTABLE JT18 !!,,Out of Stock,,,,,Out of Stock,success,,0,0,Sydney
10936.0,MI SPRAYER ELBOW 45 DEGREE & CAP !!,,Out of Stock,,,,,Out of Stock,success,,0,0,Sydney
10937.0,MI SPRAYER PA GUN 500MM !!,,Out of Stock,,,,,Out of Stock,success,,0,0,Sydney
10938.0,MI SPRAY GUN M30 LONG LANCE !!,,Out of Stock,,,,,Out of Stock,success,,0,0,Sydney
10939.0,MI SPRAYER MG 16LT RECHARGE W/TROLL !!,,Out of Stock,,,,,Out of Stock,success,,0,0,Sydney
10940.0,MI REEL CABLE WIND UP 200M !!,,Out of Stock,,,,,Out of Stock,success,,0,0,Sydney
10941.0,MI TRENDCO WARRIOR SUMMER COMBO RUG !!,,Out of Stock,,,,,Out of Stock,success,,0,0,Sydney
10943.0,MI PLUSH PET MAT ROSE SMALL !!,,Out of Stock,,,,,Out of Stock,success,,0,0,Sydney
10944.0,MI SOFA BED MEDIUM !!,,Out of Stock,,,,,Out of Stock,success,,0,0,Sydney
10945.0,MI NAILS F/H G. 100X4.5 15KG !!,,Out of Stock,,,,,Out of Stock,success,,0,0,Sydney
10946.0,MI NAILS F/H G 100X4.5 2KG TITAN WIRE!!,,Out of Stock,,,,,Out of Stock,success,,0,0,Sydney
10947.0,MI BROODER LAMP SET COMPLETE !!,,Out of Stock,,,,,Out of Stock,success,,0,0,Sydney
10948.0,"MI TROUGH CHICKEN 24"" WITH SPINNER !!",,Out of Stock,,,,,Out of Stock,success,,0,0,Sydney
10949.0,"MI DISH GALV 14"" !!",,Out of Stock,,,,,Out of Stock,success,,0,0,Sydney
10950.0,"MI TROUGH HOODED 12"" !!",,Out of Stock,,,,,Out of Stock,success,,0,0,Sydney
10952.0,,,,,,,,,success,,,,Sydney
10953.0,MI EGG & BISCUIT 5KG !!,,Out of Stock,,,,,Out of Stock,success,,0,0,Sydney
10970.0,MI SQUEEGEE HOME SMALL !!,,Out of Stock,,,,,Out of Stock,success,,0,0,Sydney
11070.0,MI BIRD MITE & LICE SPRAY 500ML !!,,Out of Stock,,,,,Out of Stock,success,,0,0,Sydney
11123.0,MI DRINKER GRN/WHT 1.3LT SHOWMASTER !!,,Out of Stock,,,,,Out of Stock,success,,0,0,Sydney
11140.0,MI TROUGH 1200MM CHOICE LONG W/VALVE !!,,Out of Stock,,,,,Out of Stock,success,,0,0,Sydney
11220.0,MI RAPID CUSHPAD (PACK OF 2) !!,,Out of Stock,,,,,Out of Stock,success,,0,0,Sydney
11221.0,MI FEEDER HANGON S/STEEL COOPCUP 64OZ!!,,Out of Stock,,,,,Out of Stock,success,,0,0,Sydney
11241.0,MI TUBTRUG 38LT !!,,Out of Stock,,,,,Out of Stock,success,,0,0,Sydney
11242.0,SHELL GRIT MEDIUM / KG !!,,Out of Stock,,,,,Out of Stock,success,,0,0,Sydney
11243.0,TMR BALE BUDDY HAY BALE BAG !!,,Out of Stock,,,,,Out of Stock,success,,0,0,Sydney
11244.0,SPEC DRUM W/ BUNG 200LT !!,,Out of Stock,,,,,Out of Stock,success,,0,0,Sydney
11245.0,BAINBRIDGE POULTRY FEEDER 5KG !!,,Out of Stock,,,,,Out of Stock,success,,0,0,Sydney
11254.0,AUSRICHTER HIPPIRON 400 20ML **,,In Stock (272 available),,,,,In Stock,success,,6,266,Sydney
11272.0,MI SODIUM CHLORIDE .9% 1LT !!,,Out of Stock,,,,,Out of Stock,success,,0,0,Sydney
11283.0,BAINBRIDGE FEED SCOOP 1LT !!,,Out of Stock,,,,,Out of Stock,success,,0,0,Sydney
11284.0,GRINTERS H COTTOM TRAINER H 7 T/C !!,,Out of Stock,,,,,Out of Stock,success,,0,0,Sydney
11285.0,MI ZERO 20KG !!,,Out of Stock,,,,,Out of Stock,success,,0,0,Sydney
11318.0,MI SPRAYER ELBOW PLASTIC FOR S50 !!,,Out of Stock,,,,,Out of Stock,success,,0,0,Sydney
11319.0,MI CATHETER 22G X 25MMSTELMARA BIOMEDI!!,,Out of Stock,,,,,Out of Stock,success,,0,0,Sydney
11350.0,MI POST STAR STEEL BR.165CMA.W.I. !!,,Out of Stock,,,,,Out of Stock,success,,0,0,Sydney
11358.0,GIBBS MAIZE STEAM & ROLL 20KG(VIC ONLY)#,,Out of Stock,,,,,Out of Stock,success,,0,0,Sydney
11368.0,GIBBS PEAS CRUSHED 20KG (VIC ONLY) **,,Out of Stock,,,,,Out of Stock,success,,0,0,Sydney
11369.0,MI RAMIK NUGGETS 50G !!,,Out of Stock,,,,,Out of Stock,success,,0,0,Sydney
11376.0,AYRFORD TAPE ELECTRICAL VARIOUS COL ##,,Out of Stock,,,,,Out of Stock,success,,0,0,Sydney
11388.0,"MI POLY PIPE 3/4"" PER MT !!",,Out of Stock,,,,,Out of Stock,success,,0,0,Sydney
11389.0,EBOS OPTIVA CANNULA 14G X 50MM**,,In Stock (502 available),,,,,In Stock,success,,0,502,Sydney
11428.0,MUSTAD H HALF ROUND F 5 !!,,Out of Stock,,,,,Out of Stock,success,,0,0,Sydney
11429.0,MUSTAD HOOF STAND !!,,Out of Stock,,,,,Out of Stock,success,,0,0,Sydney
11447.0,MUSTAD NAILS COMBO 5 250PC !!,,Out of Stock,,,,,Out of Stock,success,,0,0,Sydney
11450.0,MUSTAD HOOFLIFE HOOF REPAIR 150ML !!,,Out of Stock,,,,,Out of Stock,success,,0,0,Sydney
11515.0,MUSTAD NAILS DERBY E4 LONG 250PC !!,,Out of Stock,,,,,Out of Stock,success,,0,0,Sydney
11516.0,MUSTAD H VICTORY RX RACING F/H 7 !!,,Out of Stock,,,,,Out of Stock,success,,0,0,Sydney
11523.0,MUSTAD CONCORDE ALUM S/C H 4 !!,,Out of Stock,,,,,Out of Stock,success,,0,0,Sydney
11524.0,MUSTAD EQUI-THANE ADHERE BLK/BEIGE TBD#,,Out of Stock,,,,,Out of Stock,success,,0,0,Sydney
11608.0,MUSTAD DELTA S/C F 1 !!,,Out of Stock,,,,,Out of Stock,success,,0,0,Sydney
11609.0,MUSTAD DELTA S/C H 2 !!,,Out of Stock,,,,,Out of Stock,success,,0,0,Sydney
11626.0,MYCA MOROVITE 3KG !!,,Out of Stock,,,,,Out of Stock,success,,0,0,Sydney
11628.0,MYCA M.S.M POWDER 1KG !!,,Out of Stock,,,,,Out of Stock,success,,0,0,Sydney
11630.0,MYCA NEUTRALKA 5LTR !!,,Out of Stock,,,,,Out of Stock,success,,0,0,Sydney
11639.0,MYCA BLACK HEALING POWDER SML ##,,Out of Stock,,,,,Out of Stock,success,,0,0,Sydney
11640.0,NATRAKELP SEAWEED LIQUID 5LTRS ##,,Out of Stock,,,,,Out of Stock,success,,0,0,Sydney
11641.0,NATRAKELP SEAWEED LIQUID 1LTRS ##,,Out of Stock,,,,,Out of Stock,success,,0,0,Sydney
11642.0,NRG STRIDE HOOF DRESSING 1LT !!,,Out of Stock,,,,,Out of Stock,success,,0,0,Sydney
11643.0,NRG STRIDE HOOF DRESSING 20KG **,,In Stock (4 available),,,,,In Stock,success,,0,4,Sydney
11644.0,NRG REWARDS BAR 250GM !!,,Out of Stock,,,,,Out of Stock,success,,0,0,Sydney
11645.0,NRG CAL MAG SEL 1.8KG **,,In Stock (19 available),,,,,In Stock,success,,3,16,Sydney
11646.0,NRG NO NOTS 5LT **,,In Stock (40 available),,,,,In Stock,success,,2,38,Sydney
11647.0,,,,,,,,,success,,,,Sydney
11648.0,OLSSON HORSE BLOCK 007 20 KG !!,,Out of Stock,,,,,Out of Stock,success,,0,0,Sydney
11649.0,OLSSON BEEFMASTER BLOCK 15KG !!,,In Stock (72 available),,,,,In Stock,success,,72,0,Sydney
11650.0,,,,,,,,,success,,,,Sydney
11653.0,,,,,,,,,success,,,,Sydney
11654.0,OLSSON HORSE TRANZ 9 X 40GMS !!,,Out of Stock,,,,,Out of Stock,success,,0,0,Sydney
11655.0,OLSSON PEAK50 HORSE BLK NO UREA 16K TBD#,,Out of Stock,,,,,Out of Stock,success,,0,0,Sydney
11656.0,PCT SUREFIRE BROMA GRAIN BAIT 2KG ##,,Out of Stock,,,,,Out of Stock,success,,0,0,Sydney
11658.0,"PHILMAC END CONNECTOR PXFI 3/4"" !!",,Out of Stock,,,,,Out of Stock,success,,0,0,Sydney
11662.0,"PHILMAC FOOT VALVE PLASTIC 3/4"" !!",,Out of Stock,,,,,Out of Stock,success,,0,0,Sydney
11663.0,"PHILMAC NIPPLE 1"" BSP !!",,Out of Stock,,,,,Out of Stock,success,,0,0,Sydney
11665.0,"PHILMAC RISER MIXMI 1""X6"" BSP !!",,Out of Stock,,,,,Out of Stock,success,,0,0,Sydney
11672.0,GTP PINE POST 100-125MM X 3.0 !!,,Out of Stock,,,,,Out of Stock,success,,0,0,Sydney
11673.0,PORTLAND PINE POST 150-175MM X 2.4!,,Out of Stock,,,,,Out of Stock,success,,0,0,Sydney
11674.0,PORTLAND PINE POST 100-125MM X 1.8!,,Out of Stock,,,,,Out of Stock,success,,0,0,Sydney
11675.0,PROVICO LAMB MILK REPLACER 16KG !!,,Out of Stock,,,,,Out of Stock,success,,0,0,Sydney
11676.0,PROV PROFELAC LAMB/KID MILK 6KG !!,,Out of Stock,,,,,Out of Stock,success,,0,0,Sydney
11677.0,PROFESTART ENERGY PLUS PASTE 30ML !!,,Out of Stock,,,,,Out of Stock,success,,0,0,Sydney
1168.0,NUFARM MALDISON 500 5LTR ##,,Out of Stock,,,,,Out of Stock,success,,0,0,Sydney
11683.0,,,,,,,,,success,,,,Sydney
11695.0,ST BRUSH CHILDS BODY !!,,Out of Stock,,,,,Out of Stock,success,,0,0,Sydney
11699.0,STC ABSORBINE SUPERSHINE GREEN !!,,Out of Stock,,,,,Out of Stock,success,,0,0,Sydney
11700.0,STC RAVEN OIL DYE BLACK 5OM !!,,Out of Stock,,,,,Out of Stock,success,,0,0,Sydney
11701.0,,,,,,,,,success,,,,Sydney
11702.0,"STC EXERCISE GIRTH 54""& 81"" SURCINGLE !!",,Out of Stock,,,,,Out of Stock,success,,0,0,Sydney
11703.0,ST NUMBER HOLDER VEST !!,,Out of Stock,,,,,Out of Stock,success,,0,0,Sydney
11704.0,STC HOOF OIL BRUSH GRM2900 !!,,Out of Stock,,,,,Out of Stock,success,,0,0,Sydney
11706.0,ST COMB-UNTANGLER RAKE !!,,Out of Stock,,,,,Out of Stock,success,,0,0,Sydney
11711.0,ST HEADSTALL RANCHER !!,,Out of Stock,,,,,Out of Stock,success,,0,0,Sydney
11712.0,STC SCOOP ALUM 1LT !!,,Out of Stock,,,,,Out of Stock,success,,0,0,Sydney
11713.0,,,,,,,,,success,,,,Sydney
1172.0,NUFARM DIGGER 5LTRS ##,,Out of Stock,,,,,Out of Stock,success,,0,0,Sydney
117.3,,,,,,,,,success,,,,Sydney
11730.0,STC OILSKIN REPROOFING SPRAY 375ML !!,,Out of Stock,,,,,Out of Stock,success,,0,0,Sydney
11731.0,STC BRAID-ETTES RUBBER BANDS 800'S !!,,Out of Stock,,,,,Out of Stock,success,,0,0,Sydney
11733.0,ST RUG GG AUST 600D LITE NYLON COMBO !!,,Out of Stock,,,,,Out of Stock,success,,0,0,Sydney
11734.0,STC COMB CURRY RUBBER LARGE GRM4000 !!,,Out of Stock,,,,,Out of Stock,success,,0,0,Sydney
11736.0,STC SHEDDING BLADE GRM5550 !!,,Out of Stock,,,,,Out of Stock,success,,0,0,Sydney
11738.0,"ZILCO LEAD PLAIT LG SNAP 8"" BLK/BLK !!",,Out of Stock,,,,,Out of Stock,success,,0,0,Sydney
11741.0,SCENEY KEROSENE 20LT !!,,Out of Stock,,,,,Out of Stock,success,,0,0,Sydney
1176.0,,,,,,,,,success,,,,Sydney
11774.0,S&N ELASTOPLAST 7.5CM /ROLL !!,,Out of Stock,,,,,Out of Stock,success,,0,0,Sydney
11775.0,S&N GAUZE & COTTON WOOL ROLL !!,,Out of Stock,,,,,Out of Stock,success,,0,0,Sydney
1179.0,,,,,,,,,success,,,,Sydney
11792.0,TALLAHES MALAY SPORTS F 3 !!,,Out of Stock,,,,,Out of Stock,success,,0,0,Sydney
11793.0,TALLAHES MALAY SPORTS F 5 !!,,Out of Stock,,,,,Out of Stock,success,,0,0,Sydney
11794.0,TALLAHES H KRP ES FASTBREAK F 7 2/C !!,,Out of Stock,,,,,Out of Stock,success,,0,0,Sydney
11795.0,TALLAHES MALAY SPORTS H 3 !!,,Out of Stock,,,,,Out of Stock,success,,0,0,Sydney
11799.0,TALLAHES MALAY SPORTS H 6 !!,,Out of Stock,,,,,Out of Stock,success,,0,0,Sydney
1180.0,,,,,,,,,success,,,,Sydney
11800.0,TALLAHES MALAY SPORTS F 6 !!,,Out of Stock,,,,,Out of Stock,success,,0,0,Sydney
11801.0,JD MONSTER TREADS M4 SNS AST !!,,Out of Stock,,,,,Out of Stock,success,,0,0,Sydney
11828.0,,,,,,,,,success,,,,Sydney
11829.0,WHITES RATCHET STRAINER PLAIN EF34 !!,,Out of Stock,,,,,Out of Stock,success,,0,0,Sydney
1183.0,,,,,,,,,success,,,,Sydney
11830.0,WHITES NETTING CLIP PKT 500 !!,,Out of Stock,,,,,Out of Stock,success,,0,0,Sydney
11833.0,WHITES HINGEJOINT FARMLITE8/115/15 100M!,,Out of Stock,,,,,Out of Stock,success,,0,0,Sydney
11836.0,WHITES NETTING 180 X 1.3 X .56 50MT !!,,Out of Stock,,,,,Out of Stock,success,,0,0,Sydney
11837.0,WHITES PLIERS BULL NOSE 300MM !!,,Out of Stock,,,,,Out of Stock,success,,0,0,Sydney
11838.0,"WHITES BOLT CUTTER 350MM 14"" !!",,Out of Stock,,,,,Out of Stock,success,,0,0,Sydney
1184.0,NUFARM MONZA 500G (SULFOSULFURON) ##,,Out of Stock,,,,,Out of Stock,success,,0,0,Sydney
11840.0,WHITES FENCE POST CLIPS 250'S !!,,In Stock (8 available),,,,,In Stock,success,,8,0,Sydney
11843.0,WHITES STAPLES BARBED GALV 50 X 4 3KG ##,,Out of Stock,,,,,Out of Stock,success,,0,0,Sydney
11844.0,WHITES STAPLES BARBED GALV 30 X 4 500GM#,,Out of Stock,,,,,Out of Stock,success,,0,0,Sydney
11845.0,"WHITES GATE MESH 1000MM 3'3"" 13123 !!",,Out of Stock,,,,,Out of Stock,success,,0,0,Sydney
11846.0,WHITES GATE FITTINGS RINGLATCH !!,,Out of Stock,,,,,Out of Stock,success,,0,0,Sydney
11847.0,WHITES DOG FENCE 1.2MT 2.0MM 10MT !!,,Out of Stock,,,,,Out of Stock,success,,0,0,Sydney
1185.0,NUFARM ROUNDUP POWERMAX 500LTRS ##,,Out of Stock,,,,,Out of Stock,success,,0,0,Sydney
11851.0,,,,,,,,,success,,,,Sydney
11852.0,WHITES BARB WIRE 1.57MM 30MT HPACK!,,Out of Stock,,,,,Out of Stock,success,,0,0,Sydney
11853.0,WHITES BARB WIRE 1.57MM 100MT HPACK!,,Out of Stock,,,,,Out of Stock,success,,0,0,Sydney
11854.0,WHITES NETTING HPACK 90X1.3X.56 10MT!,,Out of Stock,,,,,Out of Stock,success,,0,0,Sydney
11855.0,WHITES NETTING HANDYPAK 90X3X.9 10MT !!,,Out of Stock,,,,,Out of Stock,success,,0,0,Sydney
11857.0,WHITES NETTING 90 X 5X 1.0 50MT !!,,Out of Stock,,,,,Out of Stock,success,,0,0,Sydney
11858.0,WHITES HINGED JOINT 8/90/15 2.5MM 100M !,,Out of Stock,,,,,Out of Stock,success,,0,0,Sydney
11859.0,WHITES PLIERS BULL NOSE !!,,Out of Stock,,,,,Out of Stock,success,,0,0,Sydney
1186.0,CC NUGREX 20L (DFF MCPA) ##,,Out of Stock,,,,,Out of Stock,success,,0,0,Sydney
11866.0,WHITES NETTING CLIPS 16MM X 2MM 500PK !!,,In Stock (40 available),,,,,In Stock,success,,40,0,Sydney
11867.0,,,,,,,,,success,,,,Sydney
11868.0,WHITES AVIARY FLAT CLIPS 200PK !!,,Out of Stock,,,,,Out of Stock,success,,0,0,Sydney
1187.0,CC NUQUAT 250 110LT (PARAQUAT) ##,,Out of Stock,,,,,Out of Stock,success,,0,0,Sydney
11870.0,WHITES GATE FITTINGS DROP LATCH FG4 !!,,Out of Stock,,,,,Out of Stock,success,,0,0,Sydney
11871.0,WHITES GATE FITTINGS DROP LATCH FG9 !!,,Out of Stock,,,,,Out of Stock,success,,0,0,Sydney
11872.0,WHITES GATE FITTINGS RING LATCH FG9 !!,,Out of Stock,,,,,Out of Stock,success,,0,0,Sydney
1188.0,CC NUQUAT 250 20LT (PARAQUAT) ##,,Out of Stock,,,,,Out of Stock,success,,0,0,Sydney
11881.0,ZILCO GROOMING TOTE BAG !!,,Out of Stock,,,,,Out of Stock,success,,0,0,Sydney
11882.0,ZILCO GIRTH ELASTIC 75MM ZILCO !!,,Out of Stock,,,,,Out of Stock,success,,0,0,Sydney
11883.0,"ZILCO COMBO EXPLORER 100 5' 9"" !!",,Out of Stock,,,,,Out of Stock,success,,0,0,Sydney
11885.0,MUSTAD PRITCHEL !!,,Out of Stock,,,,,Out of Stock,success,,0,0,Sydney
1189.0,NUFARM GLYPHOSATE CT 15LTR QUIKPOUR ##,,Out of Stock,,,,,Out of Stock,success,,0,0,Sydney
11892.0,ZILCO SCISSORS BANDAGE !!,,Out of Stock,,,,,Out of Stock,success,,0,0,Sydney
11893.0,ZILCO RUG ZILCO CANVAS !!,,Out of Stock,,,,,Out of Stock,success,,0,0,Sydney
11899.0,BARIKI OPTIMUM 6KG !!,,Out of Stock,,,,,Out of Stock,success,,0,0,Sydney
1190.0,NUFARM NUTRAZINE 900DF 10KG (ATRAZINE)##,,Out of Stock,,,,,Out of Stock,success,,0,0,Sydney
11900.0,BD ROO STRAPS 6 PACK (B187) !!,,Out of Stock,,,,,Out of Stock,success,,0,0,Sydney
11901.0,BD BISCUIT CHEESE 1KG (B616) *,,In Stock (12 available),,,,,In Stock,success,,2,10,Sydney
11902.0,CEVA RECOVERY PASTE 30ML !!,,Out of Stock,,,,,Out of Stock,success,,0,0,Sydney
11914.0,TH RATCHET STRAINER PLAIN !!,,Out of Stock,,,,,Out of Stock,success,,0,0,Sydney
11917.0,TH INSULATOR PINLOCK WOOD POST !!,,Out of Stock,,,,,Out of Stock,success,,0,0,Sydney
11918.0,TH INSULATOR RING SCREW !!,,Out of Stock,,,,,Out of Stock,success,,0,0,Sydney
11921.0,BROWNS ROSEHIP GRANULES 2KG !!,,Out of Stock,,,,,Out of Stock,success,,0,0,Sydney
11926.0,BROWNS MARSHMALLOW ROOT POWDER 1KG !!,,Out of Stock,,,,,Out of Stock,success,,0,0,Sydney
11927.0,CPAH ATTITUDE 1.25KG ##,,Out of Stock,,,,,Out of Stock,success,,0,0,Sydney
1193.0,,,,,,,,,success,,,,Sydney
1194.0,,,,,,,,,success,,,,Sydney
12008.0,FSF MAIZE CRACKED BULKA BAG **,,Out of Stock,,,,,Out of Stock,success,,0,0,Sydney
12017.0,,,,,,,,,success,,,,Sydney
12021.0,MI CASCADE HARNESS-LARGE BLUE !!,,Out of Stock,,,,,Out of Stock,success,,0,0,Sydney
12025.0,MI COMFYCARE HARNESS-SMALL PURPLE !!,,Out of Stock,,,,,Out of Stock,success,,0,0,Sydney
12029.0,MI COMFYCARE HARNESS-LARGE BLUE !!,,Out of Stock,,,,,Out of Stock,success,,0,0,Sydney
12033.0,MI COLLAR NEO BLACK XXSML !!,,Out of Stock,,,,,Out of Stock,success,,0,0,Sydney
12041.0,MI COLLAR NEO CHOC XSML !!,,Out of Stock,,,,,Out of Stock,success,,0,0,Sydney
12045.0,PRESTIGE BIG DOG KENNEL BUCKET GREEN !!,,Out of Stock,,,,,Out of Stock,success,,0,0,Sydney
12049.0,,,,,,,,,success,,,,Sydney
1205.0,,,,,,,,,success,,,,Sydney
12053.0,MI BIT HALF SPOON SNAFFLE !!,,Out of Stock,,,,,Out of Stock,success,,0,0,Sydney
12057.0,PRESTIGE BIG DOG KENNEL BUCKET PINK !!,,Out of Stock,,,,,Out of Stock,success,,0,0,Sydney
1206.0,HSR ARMOUR G/S 20KG ##,,Out of Stock,,,,,Out of Stock,success,,0,0,Sydney
12077.0,MI BIRD CONES MEDIUM SMALL PARROT !!,,Out of Stock,,,,,Out of Stock,success,,0,0,Sydney
12081.0,MI BROOM (8 TIE) MILLET !!,,Out of Stock,,,,,Out of Stock,success,,0,0,Sydney
12105.0,MI GROOM KIT WASH 8 PCE !!,,Out of Stock,,,,,Out of Stock,success,,0,0,Sydney
12113.0,MI HALTI #1 BLUE !!,,Out of Stock,,,,,Out of Stock,success,,0,0,Sydney
12119.0,SHOOF FOOTROT SHEARS B&B !!,,Out of Stock,,,,,Out of Stock,success,,0,0,Sydney
12127.0,TALLAHES H CENTURY SUPPORT ALUM H 3 2/C!,,Out of Stock,,,,,Out of Stock,success,,0,0,Sydney
12129.0,MI HS HOOF PAD STYRO (SET4) !!,,Out of Stock,,,,,Out of Stock,success,,0,0,Sydney
12130.0,GRINTERS RASP SAVE EDGE BEAST !!,,Out of Stock,,,,,Out of Stock,success,,0,0,Sydney
12131.0,"GRINTERS RASP BELLOTA 18""' DBLE E !!",,Out of Stock,,,,,Out of Stock,success,,0,0,Sydney
12132.0,MUSTAD RASP HANDLE EQUITHOTHIC !!,,Out of Stock,,,,,Out of Stock,success,,0,0,Sydney
12133.0,"MUSTAD RASP 14"" OMEGA HELLER !!",,Out of Stock,,,,,Out of Stock,success,,0,0,Sydney
12134.0,TALLAHES H WINCHESTER FLAT HACK 1/C !!,,Out of Stock,,,,,Out of Stock,success,,0,0,Sydney
12135.0,MI HYLANDS BLINKER WITH FULL CUPS ##,,Out of Stock,,,,,Out of Stock,success,,0,0,Sydney
12139.0,MI IRON DONOR 4LT !!,,Out of Stock,,,,,Out of Stock,success,,0,0,Sydney
12141.0,,,,,,,,,success,,,,Sydney
12143.0,MI JUG 3LT !!,,Out of Stock,,,,,Out of Stock,success,,0,0,Sydney
12164.0,MI LEAD LEATHER WALSALL CLIP SML !!,,Out of Stock,,,,,Out of Stock,success,,0,0,Sydney
12165.0,MI LEASH CUJO CAMO 100CM !!,,Out of Stock,,,,,Out of Stock,success,,0,0,Sydney
1218.0,NUFARM ROUNDUP 5LTR (GLYPHOSATE) ##,,Out of Stock,,,,,Out of Stock,success,,0,0,Sydney
1219.0,NUFARM ROUNDUP 20LTR (GLYPHOSATE) ##,,Out of Stock,,,,,Out of Stock,success,,0,0,Sydney
12205.0,MI P/M HEAVYWEIGHT BOWL - GIANT !!,,Out of Stock,,,,,Out of Stock,success,,0,0,Sydney
12206.0,MI PASTURE MIX 25KG !!,,Out of Stock,,,,,Out of Stock,success,,0,0,Sydney
12211.0,MI PLUSVITAL HOOF GREASE 1LT !!,,Out of Stock,,,,,Out of Stock,success,,0,0,Sydney
12214.0,MI RIPPA POOPER SCOOPER SMALL !!,,Out of Stock,,,,,Out of Stock,success,,0,0,Sydney
12243.0,MI STRETCH CATCOLLAR&BELL PINK !!,,Out of Stock,,,,,Out of Stock,success,,0,0,Sydney
1226.0,NUFARM WEEDMASTER DST 20LT ##,,Out of Stock,,,,,Out of Stock,success,,0,0,Sydney
12280.0,,,,,,,,,success,,,,Sydney
12346.0,MI P/M H/WEIGHT DOUBLE DINER-MED !!,,Out of Stock,,,,,Out of Stock,success,,0,0,Sydney
12347.0,MI P/M LIGHTWEIGHT BOWL - LARGE !!,,Out of Stock,,,,,Out of Stock,success,,0,0,Sydney
12365.0,MI ST/WARE BOWLW/DOG MOTIFF-MED*** !!,,Out of Stock,,,,,Out of Stock,success,,0,0,Sydney
12366.0,MI CARBINE STAMAZENE 16LT !!,,Out of Stock,,,,,Out of Stock,success,,0,0,Sydney
1237.0,,,,,,,,,success,,,,Sydney
12391.0,MI BROOM 10 TIE MILLET PLAST HANDLE!!,,Out of Stock,,,,,Out of Stock,success,,0,0,Sydney
12392.0,MI FEED TUB COLORED 30LT !!,,Out of Stock,,,,,Out of Stock,success,,0,0,Sydney
12393.0,MI GLOVE LYNN RIVER GRIPPER MEDIUM !!,,Out of Stock,,,,,Out of Stock,success,,0,0,Sydney
12394.0,MI GLOVE LYNN RIVER GRIPPER SMALL !!,,Out of Stock,,,,,Out of Stock,success,,0,0,Sydney
12395.0,MI GLOVE LYNN RIVER RANCHER 3X LARGE !!,,Out of Stock,,,,,Out of Stock,success,,0,0,Sydney
12396.0,MI GLOVE LYNN RIVER RANCHER X/LRG !!,,Out of Stock,,,,,Out of Stock,success,,0,0,Sydney
12397.0,MI GLOVE LYNN RIVER SHOWA 310 GRN SML !!,,Out of Stock,,,,,Out of Stock,success,,0,0,Sydney
12398.0,MI GLOVE LYNN RIVR SHOWA 370 MIXCOL MED!,,Out of Stock,,,,,Out of Stock,success,,0,0,Sydney
12399.0,MI HERITAGE PRO-FIT SHOW GLOVES BLACK !!,,Out of Stock,,,,,Out of Stock,success,,0,0,Sydney
12400.0,HYLANDS RUBBER PADS ##,,Out of Stock,,,,,Out of Stock,success,,0,0,Sydney
12402.0,MI JAMES & SON OLD MATE 20KG !!,,Out of Stock,,,,,Out of Stock,success,,0,0,Sydney
12403.0,MI JODHPUR CLIPS RUBBER BRN !!,,Out of Stock,,,,,Out of Stock,success,,0,0,Sydney
12404.0,MI KEN MET 500GM (BRUSHOFF EQUIV.) !!,,Out of Stock,,,,,Out of Stock,success,,0,0,Sydney
12405.0,MI LIME SULPHUR 5LT !!,,Out of Stock,,,,,Out of Stock,success,,0,0,Sydney
12409.0,MI MOUSE TRAP 2PK RAMIK !!,,Out of Stock,,,,,Out of Stock,success,,0,0,Sydney
12410.0,MI MYOCARE MIX 20KG !!,,Out of Stock,,,,,Out of Stock,success,,0,0,Sydney
12411.0,MI PORTA-FEEDER !!,,Out of Stock,,,,,Out of Stock,success,,0,0,Sydney
12412.0,MI RAT TRAP RAMIK !!,,Out of Stock,,,,,Out of Stock,success,,0,0,Sydney
12414.0,MI SCRAPPER ALUMINIUM !!,,Out of Stock,,,,,Out of Stock,success,,0,0,Sydney
12415.0,MI SEAWEED MEAL 3KG !!,,Out of Stock,,,,,Out of Stock,success,,0,0,Sydney
12416.0,SKYE RUG MONTANA UNLINED CANVAS GUSSETS!,,Out of Stock,,,,,Out of Stock,success,,0,0,Sydney
12417.0,SKYE RUG OXFORD DELUXE GUSSETS (WOOL) !!,,Out of Stock,,,,,Out of Stock,success,,0,0,Sydney
12418.0,MI SONIC GEL 500ML !!,,Out of Stock,,,,,Out of Stock,success,,0,0,Sydney
12420.0,MI STABLE RAKE HANDLE !!,,Out of Stock,,,,,Out of Stock,success,,0,0,Sydney
12421.0,MI STRAW BARLEY !!,,Out of Stock,,,,,Out of Stock,success,,0,0,Sydney
12422.0,MI SUNFLOWER BLOCK WHISTLER !!,,Out of Stock,,,,,Out of Stock,success,,0,0,Sydney
12424.0,MI TWITCH ALUMINIUM !!,,Out of Stock,,,,,Out of Stock,success,,0,0,Sydney
12425.0,MI WASHING POWDER EUCA 10KG !!,,Out of Stock,,,,,Out of Stock,success,,0,0,Sydney
12427.0,MI WHIP SNOWBEE LUNGE 180CM !!,,Out of Stock,,,,,Out of Stock,success,,0,0,Sydney
12430.0,MI CASCADE HARNESS-SMALL BLUE !!,,Out of Stock,,,,,Out of Stock,success,,0,0,Sydney
12432.0,,,,,,,,,success,,,,Sydney
12433.0,MI ALEPPO SKINNY HOOD !!,,Out of Stock,,,,,Out of Stock,success,,0,0,Sydney
12437.0,MI EXERCISE GIRTH 108MM ALL ELASTIC !!,,Out of Stock,,,,,Out of Stock,success,,0,0,Sydney
12456.0,MI RUG GG COMBO 600D LITE !!,,Out of Stock,,,,,Out of Stock,success,,0,0,Sydney
12466.0,MI ELECTROBRAID 1000FT !!,,Out of Stock,,,,,Out of Stock,success,,0,0,Sydney
12468.0,MI B/PLATE ALL ELASTIC HARKIN HORSEWR !!,,Out of Stock,,,,,Out of Stock,success,,0,0,Sydney
12471.0,MI EXERCISE BREASTPLATE WEB STRAPS !!,,Out of Stock,,,,,Out of Stock,success,,0,0,Sydney
12477.0,,,,,,,,,success,,,,Sydney
12478.0,MI HOOF PICK BRUSH !!,,Out of Stock,,,,,Out of Stock,success,,0,0,Sydney
12480.0,,,,,,,,,success,,,,Sydney
12481.0,MI ORGANIC PLANT AND SOIL NUTRIENT !!,,Out of Stock,,,,,Out of Stock,success,,0,0,Sydney
12486.0,MI SEASOL APPLICATOR PACK !!,,Out of Stock,,,,,Out of Stock,success,,0,0,Sydney
12487.0,MI SEAWEED MEAL (PRISTINE) 25KG !!,,Out of Stock,,,,,Out of Stock,success,,0,0,Sydney
12488.0,,,,,,,,,success,,,,Sydney
12489.0,SKYE SHEET BLUELINE CHECK COMBO !!,,Out of Stock,,,,,Out of Stock,success,,0,0,Sydney
12490.0,,,,,,,,,success,,,,Sydney
12492.0,MI TREAD IN EQUIPOST !!,,Out of Stock,,,,,Out of Stock,success,,0,0,Sydney
12493.0,,,,,,,,,success,,,,Sydney
12495.0,,,,,,,,,success,,,,Sydney
12497.0,,,,,,,,,success,,,,Sydney
12498.0,,,,,,,,,success,,,,Sydney
12499.0,,,,,,,,,success,,,,Sydney
12501.0,,,,,,,,,success,,,,Sydney
12504.0,,,,,,,,,success,,,,Sydney
12505.0,MI LAZI-HAY LUCERNE !!,,Out of Stock,,,,,Out of Stock,success,,0,0,Sydney
12506.0,,,,,,,,,success,,,,Sydney
12507.0,,,,,,,,,success,,,,
12509.0,,,,,,,,,success,,,,
12510.0,,,,,,,,,success,,,,
12511.0,,,,,,,,,success,,,,
12514.0,,,,,,,,,success,,,,Sydney
12519.0,,,,,,,,,success,,,,Sydney
12520.0,,,,,,,,,success,,,,Sydney
12531.0,MI TENDA B-N-M PASTE !!,,Out of Stock,,,,,Out of Stock,success,,0,0,Sydney
12536.0,,,,,,,,,success,,,,Sydney
12552.0,,,,,,,,,success,,,,Sydney
12557.0,,,,,,,,,success,,,,Sydney
12558.0,,,,,,,,,success,,,,Sydney
12586.0,,,,,,,,,success,,,,Sydney
12616.0,MI 30CM EBONY COLLAR - CENTRE DEE !!,,Out of Stock,,,,,Out of Stock,success,,0,0,Sydney
12617.0,,,,,,,,,success,,,,Sydney
12618.0,,,,,,,,,success,,,,Sydney
12620.0,,,,,,,,,success,,,,Sydney
12621.0,,,,,,,,,success,,,,Sydney
12622.0,,,,,,,,,success,,,,
12624.0,,,,,,,,,success,,,,Sydney
12625.0,MI 40CM MARTINGALE COLLAR BLACK !!,,Out of Stock,,,,,Out of Stock,success,,0,0,Sydney
12626.0,,,,,,,,,success,,,,Sydney
12627.0,,,,,,,,,success,,,,Sydney
12652.0,MI 30XMX10MM CASCADE COLLAR RED !!,,Out of Stock,,,,,Out of Stock,success,,0,0,Sydney
12653.0,MI 30XMX10MM CASCADE COLLAR PURPLE !!,,Out of Stock,,,,,Out of Stock,success,,0,0,Sydney
12665.0,MI 4.0MM X 270CM TIE OUT CHAIN !!,,Out of Stock,,,,,Out of Stock,success,,0,0,Sydney
12667.0,MI 55CM HEAVY CHOKER CHAIN !!,,Out of Stock,,,,,Out of Stock,success,,0,0,Sydney
12668.0,MI 60CM HEAVY CHOKER CHAIN !!,,Out of Stock,,,,,Out of Stock,success,,0,0,Sydney
12670.0,MI 60CM EXTRA-HEAVY CHOKER CHAIN !!,,Out of Stock,,,,,Out of Stock,success,,0,0,Sydney
12676.0,MI 180CMX25MMCOMFYCARE LEAD RED !!,,Out of Stock,,,,,Out of Stock,success,,0,0,Sydney
12678.0,MI 25-35CMX15MMBLK RIBBON COLLAR !!,,Out of Stock,,,,,Out of Stock,success,,0,0,Sydney
12679.0,MI 25-35CMX15MMRED RIBBON COLLAR !!,,Out of Stock,,,,,Out of Stock,success,,0,0,Sydney
12692.0,,,,,,,,,success,,,,Sydney
12697.0,,,,,,,,,success,,,,Sydney
12709.0,MI 60CM DROVER COLLAR END DEE !!,,Out of Stock,,,,,Out of Stock,success,,0,0,Sydney
12710.0,MI 35CM EBONY COLLAR-LL&STUD !!,,Out of Stock,,,,,Out of Stock,success,,0,0,Sydney
12724.0,MI 40CMX15MM HILITE COLLAR RED !!,,Out of Stock,,,,,Out of Stock,success,,0,0,Sydney
12740.0,MI SADDLE BLANKET MOONWALKER REINFORC!!,,Out of Stock,,,,,Out of Stock,success,,0,0,Sydney
12745.0,MI VETS ALL NATURAL COMPLT SENIOR 15KG!!,,Out of Stock,,,,,Out of Stock,success,,0,0,Sydney
12749.0,MI 30CM LIGHT CHOKER CHAIN !!,,Out of Stock,,,,,Out of Stock,success,,0,0,Sydney
12750.0,,,,,,,,,success,,,,Sydney
12751.0,,,,,,,,,success,,,,Sydney
12758.0,,,,,,,,,success,,,,Sydney
12759.0,,,,,,,,,success,,,,Sydney
12763.0,,,,,,,,,success,,,,Sydney
12764.0,MI .18LT S/STEEL PLAIN PET DISH !!,,Out of Stock,,,,,Out of Stock,success,,0,0,Sydney
12824.0,MUSTAD H ST CROIX ADVANTAGE S/C H 0 !!,,Out of Stock,,,,,Out of Stock,success,,0,0,Sydney
12825.0,MUSTAD H ST CROIX ADVANTAGE S/C H 2 !!,,Out of Stock,,,,,Out of Stock,success,,0,0,Sydney
12826.0,MUSTAD ST CROIX EVENTERSTEEL S/C F 0 !!,,Out of Stock,,,,,Out of Stock,success,,0,0,Sydney
12827.0,MUSTAD ST CROIX EVENTERSTEEL S/C H 0 !!,,Out of Stock,,,,,Out of Stock,success,,0,0,Sydney
12828.0,MUSTAD HS VICTORY RX RACING !!,,Out of Stock,,,,,Out of Stock,success,,0,0,Sydney
12829.0,MUSTAD HS CONCORDE STEEL S/C H SIZE 7!!,,Out of Stock,,,,,Out of Stock,success,,0,0,Sydney
12830.0,MUSTAD HS CONCORDE STEEL S/C H SIZE 5!!,,Out of Stock,,,,,Out of Stock,success,,0,0,Sydney
12831.0,MUSTAD H T'BRED SILVER QUEEN F 4!!,,Out of Stock,,,,,Out of Stock,success,,0,0,Sydney
12832.0,,,,,,,,,success,,,,Sydney
12833.0,MUSTAD HS CONCORDE STEEL S/C H 6!!,,Out of Stock,,,,,Out of Stock,success,,0,0,Sydney
12834.0,MUSTAD ST CROIX ADVANTAGE S/C F 0 !!,,Out of Stock,,,,,Out of Stock,success,,0,0,Sydney
12835.0,MUSTAD H CONCORDE RACE PLATE S/C H 5 !!,,Out of Stock,,,,,Out of Stock,success,,0,0,Sydney
12836.0,MUSTAD H ST CROIX ADVANTAGE S/C F 2 !!,,Out of Stock,,,,,Out of Stock,success,,0,0,Sydney
12840.0,MUSTAD H CONCORDE RACE PLATE S/C H 6 !!,,Out of Stock,,,,,Out of Stock,success,,0,0,Sydney
12850.0,OLSSON UREA 15% 19KG !!,,Out of Stock,,,,,Out of Stock,success,,0,0,Sydney
12851.0,OLSSON DRY SEASON + 10% UREA 40KG TBD #,,Out of Stock,,,,,Out of Stock,success,,0,0,Sydney
12852.0,OLSSON BLOAT LICK 15KG **,,In Stock (64 available),,,,,In Stock,success,,59,5,Sydney
12855.0,PAW NUTRIDERM REPLENISH SHAMP200ML !!,,Out of Stock,,,,,Out of Stock,success,,0,0,Sydney
12856.0,PAW OSEOSUPPORT DOGS 80 CAPSULES !!,,Out of Stock,,,,,Out of Stock,success,,0,0,Sydney
12867.0,,,,,,,,,success,,,,Sydney
12885.0,ST FEED SCOPP ALUMINIUM MEDIUM !!,,Out of Stock,,,,,Out of Stock,success,,0,0,Sydney
12897.0,ST BUCKET STOCK SAFE ROUND 13LTR !!,,Out of Stock,,,,,Out of Stock,success,,0,0,Sydney
12931.0,ST BIT BRAD LUGGING !!,,Out of Stock,,,,,Out of Stock,success,,0,0,Sydney
12954.0,ST RACE EXERCISE SURCINGLE !!,,Out of Stock,,,,,Out of Stock,success,,0,0,Sydney
12955.0,STC TRAILER TIE BUNGEE 50CM STB4389-50!!,,Out of Stock,,,,,Out of Stock,success,,0,0,Sydney
12956.0,ST JOLLY SALT SNACK REFILL APPLE FLAV!!,,Out of Stock,,,,,Out of Stock,success,,0,0,Sydney
12957.0,ST BIT DUTCH GAG 4 RINGS !!,,Out of Stock,,,,,Out of Stock,success,,0,0,Sydney
12958.0,ST RUBBER CHEEKERS !!,,Out of Stock,,,,,Out of Stock,success,,0,0,Sydney
12959.0,ST STIRRUP PADS - FILLIS RUBBER !!,,Out of Stock,,,,,Out of Stock,success,,0,0,Sydney
12962.0,STC TRAILER TIE BUNGEE 70CM STB4389-70!!,,Out of Stock,,,,,Out of Stock,success,,0,0,Sydney
12963.0,STC THINNING RAZOR (PLASTIC) !!,,Out of Stock,,,,,Out of Stock,success,,0,0,Sydney
12964.0,STC STIRRUPS FILLIS !!,,Out of Stock,,,,,Out of Stock,success,,0,0,Sydney
12965.0,ST COLLAR FREE-HEAD !!,,Out of Stock,,,,,Out of Stock,success,,0,0,Sydney
12966.0,,,,,,,,,success,,,,Sydney
12974.0,STC GROOMING BLOCK GRM8600 !!,,In Stock (4 available),,,,,In Stock,success,,0,4,Sydney
12975.0,ST HALTER HORSEMANSHIP !!,,Out of Stock,,,,,Out of Stock,success,,0,0,Sydney
12976.0,ST ELASTIC SURCINGLE !!,,Out of Stock,,,,,Out of Stock,success,,0,0,Sydney
12982.0,SCENEY METHYLATED SPIRITS 4LT !!,,Out of Stock,,,,,Out of Stock,success,,0,0,Sydney
12985.0,SOLO SPRAYER SOLO 1LT !!,,Out of Stock,,,,,Out of Stock,success,,0,0,Sydney
12995.0,TALLAHES H KRP EXTRA STREN H 7 1/C !!,,Out of Stock,,,,,Out of Stock,success,,0,0,Sydney
12996.0,TALLAHES H KRP SUPER SOUND 6 F 1/C !!,,Out of Stock,,,,,Out of Stock,success,,0,0,Sydney
13000.0,,,,,,,,,success,,,,Sydney
13068.0,TROJAN WHOLE OATS 20KG !!,,Out of Stock,,,,,Out of Stock,success,,0,0,Sydney
13073.0,HYGAIN REGAIN 20KG *@,,In Stock (41 available),,,,,In Stock,success,,0,41,Sydney
1315.0,,,,,,,,,success,,,,Sydney
13256.0,GIBBS BARLEY STEAMED ROLLED 20KG **,,In Stock (33 available),,,,,In Stock,success,,0,33,Sydney
13359.0,MUSTAD HOOFJACK EQUINE INNOVATIONS !!,,Out of Stock,,,,,Out of Stock,success,,0,0,Sydney
13449.0,ZILCO BONNETT CROCHET W/EARS WHITE !!,,Out of Stock,,,,,Out of Stock,success,,0,0,Sydney
13516.0,MUSTAD CONCORDE EQUILIBRIUM STEEL F 8 !!,,Out of Stock,,,,,Out of Stock,success,,0,0,Sydney
13698.0,NES SPONGE TENNIS BALLS MINI !!,,Out of Stock,,,,,Out of Stock,success,,0,0,Sydney
13830.0,APPARENT DEVOUR 1000LT (POLYSILOXANE) **,,Out of Stock,,,,,Out of Stock,success,,0,0,Sydney
13849.0,,,,,,,,,success,,,,Sydney
13891.0,EUKANUBA DOG ADT GERMAN SHEPHERD 12KG ##,,Out of Stock,,,,,Out of Stock,success,,0,0,Sydney
13904.0,COPRICE BEEF GROWER PELLETS 25KG ##,,Out of Stock,,,,,Out of Stock,success,,0,0,Sydney
13918.0,MAXUM FOODS AS ORD (INV PRICE)##,,Out of Stock,,,,,Out of Stock,success,,0,0,Sydney
13946.0,NAT CHOICE PUPPY LG BRD LMBRICE12X400GM*,,Out of Stock,,,,,Out of Stock,success,,0,0,Sydney
13947.0,NAT CHOICE ADULT SMALL TOY CKNRICE 3KG**,,Out of Stock,,,,,Out of Stock,success,,0,0,Sydney
1419.0,OS DRIPPER WIRE 2MM LONGLIFE 2000M ##,,In Stock (5 available),,,,,In Stock,success,,0,5,Sydney
1420.0,OS TOMATO WIRE 2MM 4000M ##,,Out of Stock,,,,,Out of Stock,success,,0,0,Sydney
14283.0,JD CASE IH MODERN TRACTOR 46234 !!,,Out of Stock,,,,,Out of Stock,success,,0,0,Sydney
14327.0,STC EQUI-PRENE GRAZ MUZZLE FULLVET2295!,,Out of Stock,,,,,Out of Stock,success,,0,0,Sydney
14409.0,CT STAYZ ON BROWN MATT MAKE UP 100GM ##,,Out of Stock,,,,,Out of Stock,success,,0,0,Sydney
14458.0,ZILCO NON SLIP PAD 55CMX60CM 837512 !!,,Out of Stock,,,,,Out of Stock,success,,0,0,Sydney
1448.0,OS TIE WIRE REEL AND HANDLE ##,,Out of Stock,,,,,Out of Stock,success,,0,0,Sydney
1449.0,OS FARMERS FRIEND TIE WIRE 1.6MMX200MT*,,In Stock (1 available),,,,,In Stock,success,,0,1,Sydney
14536.0,AWP GALMAX MAXLOC 2.8MM 6/70/30 200M**,,Out of Stock,,,,,Out of Stock,success,,0,0,Sydney
14537.0,AWP GALMAX MAXLOC 2.8MM 6/90/30 200M**,,Out of Stock,,,,,Out of Stock,success,,0,0,Sydney
14559.0,AWP GALMAX 5.2MM 400M WHT PVC HORSE**,,Out of Stock,,,,,Out of Stock,success,,0,0,Sydney
14560.0,AWP GALMAX TRELLIS 2MM 2000M HT **,,Out of Stock,,,,,Out of Stock,success,,0,0,Sydney
14562.0,AWP GALMAX TRELLIS 2.85MM 1000M HT **,,Out of Stock,,,,,Out of Stock,success,,0,0,Sydney
14570.0,AWP GALMAX NETTING 105X4X1.4MM 100M*,,Out of Stock,,,,,Out of Stock,success,,0,0,Sydney
14576.0,AWP GATE NO BRACE 1160MM (4') **,,Out of Stock,,,,,Out of Stock,success,,0,0,Sydney
14577.0,AWP GATE NO BRACE 1460MM (5') **,,Out of Stock,,,,,Out of Stock,success,,0,0,Sydney
14578.0,AWP GATE NO BRACE 1770MM (6') **,,Out of Stock,,,,,Out of Stock,success,,0,0,Sydney
14580.0,AWP GATE I STAY VERT BRACE 2380MM(8'*,,Out of Stock,,,,,Out of Stock,success,,0,0,Sydney
14590.0,AWP GATE 5 BAR VERT BRAC 2980MM(10')*,,Out of Stock,,,,,Out of Stock,success,,0,0,Sydney
14675.0,AWP MESH PANEL 2400X1200/75X50/3.5MM **,,Out of Stock,,,,,Out of Stock,success,,0,0,Sydney
14676.0,AWP MESH PANEL 2400X1200/100X100/4MM*,,Out of Stock,,,,,Out of Stock,success,,0,0,Sydney
14677.0,AWP BIRD NETTING 90/13/0.56 50M **,,Out of Stock,,,,,Out of Stock,success,,0,0,Sydney
14678.0,AWP BIRD NETTING 120/13/0.56 50M **,,Out of Stock,,,,,Out of Stock,success,,0,0,Sydney
14683.0,AWP CHICKEN NETTING 180/50/1.0 50M ##,,Out of Stock,,,,,Out of Stock,success,,0,0,Sydney
14958.0,BB NIPPLE 360 LUBING A8106 ##,,Out of Stock,,,,,Out of Stock,success,,0,0,Sydney
15154.0,KONGS BETTA PELLET 30G ##,,Out of Stock,,,,,Out of Stock,success,,0,0,Sydney
1523.0,ZOETIS LEPTOSHIELD 100ML ##,,Out of Stock,,,,,Out of Stock,success,,0,0,Sydney
15232.0,KONGS 37 ECOSTYLE 21L RECTANGULAR AQUA##,,Out of Stock,,,,,Out of Stock,success,,0,0,Sydney
1531.0,ZOETIS ULTRAVAC 5IN1 100ML **@@,,In Stock (972 available),,,,,In Stock,success,,208,764,Sydney
1532.0,ZOETIS ULTRAVAC 5IN1 50ML **@@,,In Stock (1025 available),,,,,In Stock,success,,201,824,Sydney
1533.0,,,,,,,,,success,,,,Sydney
1544.0,ZOETIS GLANVAC 6S B12 500ML **@@,,In Stock (218 available),,,,,In Stock,success,,17,201,Sydney
15463.0,IO TICK OFF POUR ON 5LTR (FLUAZURON) **,,In Stock (155 available),,,,,In Stock,success,,0,155,Sydney
1549.0,,,,,,,,,success,,,,Sydney
1550.0,,,,,,,,,success,,,,Sydney
1551.0,,,,,,,,,success,,,,Sydney
1564.0,,,,,,,,,success,,,,Sydney
1565.0,,,,,,,,,success,,,,Sydney
1571.0,ZOETIS VACCINATOR QUICKSHOT 5ML **,,In Stock (250 available),,,,,In Stock,success,,4,246,Sydney
15721.0,PHARMACHEM SWAT 500ML **@@,,In Stock (438 available),,,,,In Stock,success,,46,392,Sydney
15722.0,GALL GUDGEON BRACKET 25MM ANGLE !!,,Out of Stock,,,,,Out of Stock,success,,0,0,Sydney
15792.0,OTWAY STROLLER HOUNDSTOOTH BLK/WHT 6 ##,,Out of Stock,,,,,Out of Stock,success,,0,0,Sydney
1584.0,BLUND BLACK RUBBER BOOTS 001 SIZE 10 #,,Out of Stock,,,,,Out of Stock,success,,0,0,Sydney
1585.0,BLUND BLACK RUBBER BOOTS 001 SIZE 11 #,,Out of Stock,,,,,Out of Stock,success,,0,0,Sydney
1586.0,BLUND BLACK RUBBER BOOTS 001 SIZE 12 #,,In Stock (4 available),,,,,In Stock,success,,0,4,Sydney
15874.0,MUSTAD CONCORDE ALUM XTRA H 8 !!,,Out of Stock,,,,,Out of Stock,success,,0,0,Sydney
15875.0,MUSTAD CONCORDE ALUM XTRA S/C H 4 !!,,Out of Stock,,,,,Out of Stock,success,,0,0,Sydney
15876.0,MUSTAD CONCORDE ALUM XTRA S/C H 5 !!,,Out of Stock,,,,,Out of Stock,success,,0,0,Sydney
15877.0,MUSTAD CONCORDE ALUM XTRA S/C H 6 !!,,Out of Stock,,,,,Out of Stock,success,,0,0,Sydney
15891.0,RWR EQUIWORMER + TAPE 32.4GM YELLOW ##,,Out of Stock,,,,,Out of Stock,success,,0,0,Sydney
15892.0,RWR EQUIWORMER + TAPE 32.4GMX60 YELLOW##,,Out of Stock,,,,,Out of Stock,success,,0,0,Sydney
15893.0,APPARENT PICADOR 350 1LT (TBD) ##,,Out of Stock,,,,,Out of Stock,success,,0,0,Sydney
15895.0,KONGS CABINET TO SUIT 320 AQUARIUM !!,,Out of Stock,,,,,Out of Stock,success,,0,0,Sydney
1590.0,AXICHEM CLASH 1LTR (CLOPYRALID) ##,,Out of Stock,,,,,Out of Stock,success,,0,0,Sydney
15905.0,DR SHOW COND SHAMPOO 10LT ##,,Out of Stock,,,,,Out of Stock,success,,0,0,Sydney
15906.0,DR SHOW MANE & TAIL DETANGLER 50ML **@@,,Out of Stock,,,,,Out of Stock,success,,0,0,Sydney
15907.0,DR SHOW MANE & TAIL DETANGLER 250ML **@@,,Out of Stock,,,,,Out of Stock,success,,0,0,Sydney
15908.0,DR SHOW MANE & TAIL DETANGLER 1LT **@@,,Out of Stock,,,,,Out of Stock,success,,0,0,Sydney
15909.0,DR SHOW MANE & TAIL DETANGLER 4LT ##,,Out of Stock,,,,,Out of Stock,success,,0,0,Sydney
1591.0,ELANCO COMPUDOSE TOOL KITS ##,,Out of Stock,,,,,Out of Stock,success,,0,0,Sydney
15910.0,DR SHOW RUG N WORKWEAR WASH 2KG ##,,Out of Stock,,,,,Out of Stock,success,,0,0,Sydney
15982.0,KELATO GREASY HEEL FUNGAL 250ML ## (TBD),,Out of Stock,,,,,Out of Stock,success,,0,0,Sydney
15983.0,KELATO GREASY HEEL FUNGAL 500ML ## (TBD),,Out of Stock,,,,,Out of Stock,success,,0,0,Sydney
15988.0,ENGEL FRIDGE MODEL MR40F **,,Out of Stock,,,,,Out of Stock,success,,0,0,Sydney
15998.0,INTERVET COOPERS EASY DOSE 25LT ##,,Out of Stock,,,,,Out of Stock,success,,0,0,Sydney
16115.0,MUSTAD CONCORDE STEEL XTRA S/C H 6 !!,,Out of Stock,,,,,Out of Stock,success,,0,0,Sydney
16116.0,MUSTAD CONCORDE STEEL XTRA S/C H 7 !!,,Out of Stock,,,,,Out of Stock,success,,0,0,Sydney
16117.0,MUSTAD CONCORDE STEEL XTRA S/C H 8 !!,,Out of Stock,,,,,Out of Stock,success,,0,0,Sydney
16120.0,KONGS GRAVEL NAT GOLD MIX 2KG ##,,Out of Stock,,,,,Out of Stock,success,,0,0,Sydney
16128.0,SYKES POTTIES GREEN OINTMENT 10KG ##,,Out of Stock,,,,,Out of Stock,success,,0,0,Sydney
1625.0,,,,,,,,,not_found,Product page not found,,,
16298.0,,,,,,,,,not_found,Product page not found,,,
16307.0,,,,,,,,,not_found,Product page not found,,,
16342.0,,,,,,,,,not_found,Product page not found,,,
16354.0,,,,,,,,,not_found,Product page not found,,,
16355.0,,,,,,,,,not_found,Product page not found,,,
16398.0,,,,,,,,,not_found,Product page not found,,,
16399.0,,,,,,,,,not_found,Product page not found,,,
16400.0,,,,,,,,,not_found,Product page not found,,,
16401.0,,,,,,,,,not_found,Product page not found,,,
16402.0,,,,,,,,,not_found,Product page not found,,,
16403.0,,,,,,,,,not_found,Product page not found,,,
16404.0,,,,,,,,,not_found,Product page not found,,,
16405.0,,,,,,,,,not_found,Product page not found,,,
16406.0,,,,,,,,,not_found,Product page not found,,,
16407.0,,,,,,,,,not_found,Product page not found,,,
16439.0,,,,,,,,,not_found,Product page not found,,,
16440.0,,,,,,,,,not_found,Product page not found,,,
16441.0,,,,,,,,,not_found,Product page not found,,,
1650.0,,,,,,,,,not_found,Product page not found,,,
16569.0,,,,,,,,,not_found,Product page not found,,,
16570.0,,,,,,,,,not_found,Product page not found,,,
16571.0,,,,,,,,,not_found,Product page not found,,,
16576.0,,,,,,,,,not_found,Product page not found,,,
16641.0,,,,,,,,,not_found,Product page not found,,,
16648.0,,,,,,,,,not_found,Product page not found,,,
16649.0,,,,,,,,,not_found,Product page not found,,,
16669.0,,,,,,,,,not_found,Product page not found,,,
16673.0,,,,,,,,,not_found,Product page not found,,,
16677.0,,,,,,,,,not_found,Product page not found,,,
16678.0,,,,,,,,,not_found,Product page not found,,,
16679.0,,,,,,,,,not_found,Product page not found,,,
1668.0,,,,,,,,,not_found,Product page not found,,,
16694.0,,,,,,,,,not_found,Product page not found,,,
16696.0,,,,,,,,,not_found,Product page not found,,,
16697.0,,,,,,,,,not_found,Product page not found,,,
16713.0,,,,,,,,,not_found,Product page not found,,,
16718.0,,,,,,,,,not_found,Product page not found,,,
16729.0,,,,,,,,,not_found,Product page not found,,,
16762.0,,,,,,,,,not_found,Product page not found,,,
16775.0,,,,,,,,,not_found,Product page not found,,,
1681.0,,,,,,,,,not_found,Product page not found,,,
16818.0,,,,,,,,,not_found,Product page not found,,,
16819.0,,,,,,,,,not_found,Product page not found,,,
1687.0,,,,,,,,,not_found,Product page not found,,,
1696.0,,,,,,,,,not_found,Product page not found,,,
1699.0,,,,,,,,,not_found,Product page not found,,,
1716.0,,,,,,,,,not_found,Product page not found,,,
1717.0,,,,,,,,,not_found,Product page not found,,,
1718.0,,,,,,,,,not_found,Product page not found,,,
1719.0,,,,,,,,,not_found,Product page not found,,,
17231.0,,,,,,,,,not_found,Product page not found,,,
17249.0,,,,,,,,,not_found,Product page not found,,,
17264.0,,,,,,,,,not_found,Product page not found,,,
17282.0,,,,,,,,,not_found,Product page not found,,,
17310.0,,,,,,,,,not_found,Product page not found,,,
17311.0,,,,,,,,,not_found,Product page not found,,,
17312.0,,,,,,,,,not_found,Product page not found,,,
17358.0,,,,,,,,,not_found,Product page not found,,,
17372.0,,,,,,,,,not_found,Product page not found,,,
17376.0,,,,,,,,,not_found,Product page not found,,,
17387.0,,,,,,,,,not_found,Product page not found,,,
17417.0,,,,,,,,,not_found,Product page not found,,,
17420.0,,,,,,,,,not_found,Product page not found,,,
17421.0,,,,,,,,,not_found,Product page not found,,,
17422.0,,,,,,,,,not_found,Product page not found,,,
17423.0,,,,,,,,,not_found,Product page not found,,,
17424.0,,,,,,,,,not_found,Product page not found,,,
17426.0,,,,,,,,,not_found,Product page not found,,,
17427.0,,,,,,,,,not_found,Product page not found,,,
17428.0,,,,,,,,,not_found,Product page not found,,,
17429.0,,,,,,,,,not_found,Product page not found,,,
17430.0,,,,,,,,,not_found,Product page not found,,,
17432.0,,,,,,,,,not_found,Product page not found,,,
17433.0,,,,,,,,,not_found,Product page not found,,,
17446.0,,,,,,,,,not_found,Product page not found,,,
17447.0,,,,,,,,,not_found,Product page not found,,,
17448.0,,,,,,,,,not_found,Product page not found,,,
17449.0,,,,,,,,,not_found,Product page not found,,,
17453.0,,,,,,,,,not_found,Product page not found,,,
17468.0,,,,,,,,,not_found,Product page not found,,,
17469.0,,,,,,,,,not_found,Product page not found,,,
17470.0,,,,,,,,,not_found,Product page not found,,,
17498.0,,,,,,,,,not_found,Product page not found,,,
17499.0,,,,,,,,,not_found,Product page not found,,,
17534.0,,,,,,,,,not_found,Product page not found,,,
17535.0,,,,,,,,,not_found,Product page not found,,,
17536.0,,,,,,,,,not_found,Product page not found,,,
17537.0,,,,,,,,,not_found,Product page not found,,,
17538.0,,,,,,,,,not_found,Product page not found,,,
17539.0,,,,,,,,,not_found,Product page not found,,,
1754.0,,,,,,,,,not_found,Product page not found,,,
17540.0,,,,,,,,,not_found,Product page not found,,,
17570.0,,,,,,,,,not_found,Product page not found,,,
17603.0,,,,,,,,,not_found,Product page not found,,,
1761.0,,,,,,,,,not_found,Product page not found,,,
17620.0,,,,,,,,,not_found,Product page not found,,,
1763.0,,,,,,,,,not_found,Product page not found,,,
17638.0,,,,,,,,,not_found,Product page not found,,,
17639.0,,,,,,,,,not_found,Product page not found,,,
17642.0,,,,,,,,,not_found,Product page not found,,,
1767.0,,,,,,,,,not_found,Product page not found,,,
1768.0,,,,,,,,,not_found,Product page not found,,,
1770.0,,,,,,,,,not_found,Product page not found,,,
1771.0,,,,,,,,,not_found,Product page not found,,,
1776.0,,,,,,,,,not_found,Product page not found,,,
1777.0,,,,,,,,,not_found,Product page not found,,,
1778.0,,,,,,,,,not_found,Product page not found,,,
1779.0,,,,,,,,,not_found,Product page not found,,,
1781.0,,,,,,,,,not_found,Product page not found,,,
17816.0,,,,,,,,,not_found,Product page not found,,,
1782.0,,,,,,,,,not_found,Product page not found,,,
17847.0,,,,,,,,,not_found,Product page not found,,,
17848.0,,,,,,,,,not_found,Product page not found,,,
17849.0,,,,,,,,,not_found,Product page not found,,,
1785.0,,,,,,,,,not_found,Product page not found,,,
17869.0,,,,,,,,,not_found,Product page not found,,,
1787.0,,,,,,,,,not_found,Product page not found,,,
17872.0,,,,,,,,,not_found,Product page not found,,,
17874.0,,,,,,,,,not_found,Product page not found,,,
17876.0,,,,,,,,,not_found,Product page not found,,,
17924.0,,,,,,,,,not_found,Product page not found,,,
17925.0,,,,,,,,,not_found,Product page not found,,,
17927.0,,,,,,,,,not_found,Product page not found,,,
17928.0,,,,,,,,,not_found,Product page not found,,,
17940.0,,,,,,,,,not_found,Product page not found,,,
17941.0,,,,,,,,,not_found,Product page not found,,,
17942.0,,,,,,,,,not_found,Product page not found,,,
17943.0,,,,,,,,,not_found,Product page not found,,,
17945.0,,,,,,,,,not_found,Product page not found,,,
17946.0,,,,,,,,,not_found,Product page not found,,,
17949.0,,,,,,,,,not_found,Product page not found,,,
17950.0,,,,,,,,,not_found,Product page not found,,,
17951.0,,,,,,,,,not_found,Product page not found,,,
17952.0,,,,,,,,,not_found,Product page not found,,,
17953.0,,,,,,,,,not_found,Product page not found,,,
17955.0,,,,,,,,,not_found,Product page not found,,,
17956.0,,,,,,,,,not_found,Product page not found,,,
17957.0,,,,,,,,,not_found,Product page not found,,,
17969.0,,,,,,,,,not_found,Product page not found,,,
1797.0,,,,,,,,,not_found,Product page not found,,,
17976.0,,,,,,,,,not_found,Product page not found,,,
17977.0,,,,,,,,,not_found,Product page not found,,,
1799.0,,,,,,,,,not_found,Product page not found,,,
17991.0,,,,,,,,,not_found,Product page not found,,,
17992.0,,,,,,,,,not_found,Product page not found,,,
17993.0,,,,,,,,,not_found,Product page not found,,,
18019.0,,,,,,,,,not_found,Product page not found,,,
18020.0,,,,,,,,,not_found,Product page not found,,,
18021.0,,,,,,,,,not_found,Product page not found,,,
18088.0,,,,,,,,,not_found,Product page not found,,,
18089.0,,,,,,,,,not_found,Product page not found,,,
18091.0,,,,,,,,,not_found,Product page not found,,,
18093.0,,,,,,,,,not_found,Product page not found,,,
18116.0,,,,,,,,,not_found,Product page not found,,,
18117.0,,,,,,,,,not_found,Product page not found,,,
18118.0,,,,,,,,,not_found,Product page not found,,,
18119.0,,,,,,,,,not_found,Product page not found,,,
18120.0,,,,,,,,,not_found,Product page not found,,,
18122.0,,,,,,,,,not_found,Product page not found,,,
18128.0,,,,,,,,,not_found,Product page not found,,,
18174.0,,,,,,,,,not_found,Product page not found,,,
18197.0,,,,,,,,,not_found,Product page not found,,,
18198.0,,,,,,,,,not_found,Product page not found,,,
18200.0,,,,,,,,,not_found,Product page not found,,,
18202.0,,,,,,,,,not_found,Product page not found,,,
18203.0,,,,,,,,,not_found,Product page not found,,,
18209.0,,,,,,,,,not_found,Product page not found,,,
18210.0,,,,,,,,,not_found,Product page not found,,,
18214.0,,,,,,,,,not_found,Product page not found,,,
18219.0,,,,,,,,,not_found,Product page not found,,,
18226.0,,,,,,,,,not_found,Product page not found,,,
18229.0,,,,,,,,,not_found,Product page not found,,,
18230.0,,,,,,,,,not_found,Product page not found,,,
18231.0,,,,,,,,,not_found,Product page not found,,,
18232.0,,,,,,,,,not_found,Product page not found,,,
18233.0,,,,,,,,,not_found,Product page not found,,,
18243.0,,,,,,,,,not_found,Product page not found,,,
18249.0,,,,,,,,,not_found,Product page not found,,,
18253.0,,,,,,,,,not_found,Product page not found,,,
18254.0,,,,,,,,,not_found,Product page not found,,,
18262.0,,,,,,,,,not_found,Product page not found,,,
18267.0,,,,,,,,,not_found,Product page not found,,,
18271.0,,,,,,,,,not_found,Product page not found,,,
18272.0,,,,,,,,,not_found,Product page not found,,,
18273.0,,,,,,,,,not_found,Product page not found,,,
18277.0,,,,,,,,,not_found,Product page not found,,,
1833.0,,,,,,,,,not_found,Product page not found,,,
1834.0,,,,,,,,,not_found,Product page not found,,,
18346.0,,,,,,,,,not_found,Product page not found,,,
18347.0,,,,,,,,,not_found,Product page not found,,,
18348.0,,,,,,,,,not_found,Product page not found,,,
18349.0,,,,,,,,,not_found,Product page not found,,,
18350.0,,,,,,,,,not_found,Product page not found,,,
18351.0,,,,,,,,,not_found,Product page not found,,,
18352.0,,,,,,,,,not_found,Product page not found,,,
18359.0,,,,,,,,,not_found,Product page not found,,,
1836.0,,,,,,,,,not_found,Product page not found,,,
1837.0,,,,,,,,,not_found,Product page not found,,,
18376.0,,,,,,,,,not_found,Product page not found,,,
1838.0,,,,,,,,,not_found,Product page not found,,,
18409.0,,,,,,,,,not_found,Product page not found,,,
1843.0,,,,,,,,,not_found,Product page not found,,,
1844.0,,,,,,,,,not_found,Product page not found,,,
18473.0,,,,,,,,,not_found,Product page not found,,,
18475.0,,,,,,,,,not_found,Product page not found,,,
18479.0,,,,,,,,,not_found,Product page not found,,,
1848.0,,,,,,,,,not_found,Product page not found,,,
18484.0,,,,,,,,,not_found,Product page not found,,,
18486.0,,,,,,,,,not_found,Product page not found,,,
18489.0,,,,,,,,,not_found,Product page not found,,,
18490.0,,,,,,,,,not_found,Product page not found,,,
18492.0,,,,,,,,,not_found,Product page not found,,,
18499.0,,,,,,,,,not_found,Product page not found,,,
18501.0,,,,,,,,,not_found,Product page not found,,,
18511.0,,,,,,,,,not_found,Product page not found,,,
18527.0,,,,,,,,,not_found,Product page not found,,,
18528.0,,,,,,,,,not_found,Product page not found,,,
18531.0,,,,,,,,,not_found,Product page not found,,,
18532.0,,,,,,,,,not_found,Product page not found,,,
18541.0,,,,,,,,,not_found,Product page not found,,,
18545.0,,,,,,,,,not_found,Product page not found,,,
18546.0,,,,,,,,,not_found,Product page not found,,,
18548.0,,,,,,,,,not_found,Product page not found,,,
18606.0,,,,,,,,,not_found,Product page not found,,,
18607.0,,,,,,,,,not_found,Product page not found,,,
18608.0,,,,,,,,,not_found,Product page not found,,,
18610.0,,,,,,,,,not_found,Product page not found,,,
18611.0,,,,,,,,,not_found,Product page not found,,,
18612.0,,,,,,,,,not_found,Product page not found,,,
18636.0,,,,,,,,,not_found,Product page not found,,,
18637.0,,,,,,,,,not_found,Product page not found,,,
18638.0,,,,,,,,,not_found,Product page not found,,,
18644.0,,,,,,,,,not_found,Product page not found,,,
18645.0,,,,,,,,,not_found,Product page not found,,,
18649.0,,,,,,,,,not_found,Product page not found,,,
18650.0,,,,,,,,,not_found,Product page not found,,,
18658.0,,,,,,,,,not_found,Product page not found,,,
18664.0,,,,,,,,,not_found,Product page not found,,,
1867.0,,,,,,,,,not_found,Product page not found,,,
1868.0,,,,,,,,,not_found,Product page not found,,,
1869.0,,,,,,,,,not_found,Product page not found,,,
18705.0,,,,,,,,,not_found,Product page not found,,,
18706.0,,,,,,,,,not_found,Product page not found,,,
18707.0,,,,,,,,,not_found,Product page not found,,,
18708.0,,,,,,,,,not_found,Product page not found,,,
1871.0,,,,,,,,,not_found,Product page not found,,,
18712.0,,,,,,,,,not_found,Product page not found,,,
18713.0,,,,,,,,,not_found,Product page not found,,,
1872.0,,,,,,,,,not_found,Product page not found,,,
18731.0,,,,,,,,,not_found,Product page not found,,,
18732.0,,,,,,,,,not_found,Product page not found,,,
18733.0,,,,,,,,,not_found,Product page not found,,,
18734.0,,,,,,,,,not_found,Product page not found,,,
18736.0,,,,,,,,,not_found,Product page not found,,,
18751.0,,,,,,,,,not_found,Product page not found,,,
18755.0,,,,,,,,,not_found,Product page not found,,,
18756.0,,,,,,,,,not_found,Product page not found,,,
18757.0,,,,,,,,,not_found,Product page not found,,,
18758.0,,,,,,,,,not_found,Product page not found,,,
18760.0,,,,,,,,,not_found,Product page not found,,,
1879.0,,,,,,,,,not_found,Product page not found,,,
1880.0,,,,,,,,,not_found,Product page not found,,,
1881.0,,,,,,,,,not_found,Product page not found,,,
18831.0,,,,,,,,,not_found,Product page not found,,,
18832.0,,,,,,,,,not_found,Product page not found,,,
18834.0,,,,,,,,,not_found,Product page not found,,,
18835.0,,,,,,,,,not_found,Product page not found,,,
18836.0,,,,,,,,,not_found,Product page not found,,,
18839.0,,,,,,,,,not_found,Product page not found,,,
18840.0,,,,,,,,,not_found,Product page not found,,,
1885.0,,,,,,,,,not_found,Product page not found,,,
18853.0,,,,,,,,,not_found,Product page not found,,,
18854.0,,,,,,,,,not_found,Product page not found,,,
18855.0,,,,,,,,,not_found,Product page not found,,,
18865.0,,,,,,,,,not_found,Product page not found,,,
18872.0,,,,,,,,,not_found,Product page not found,,,
18873.0,,,,,,,,,not_found,Product page not found,,,
1893.0,,,,,,,,,not_found,Product page not found,,,
18930.0,,,,,,,,,not_found,Product page not found,,,
18931.0,,,,,,,,,not_found,Product page not found,,,
1894.0,,,,,,,,,not_found,Product page not found,,,
1895.0,,,,,,,,,not_found,Product page not found,,,
18965.0,,,,,,,,,not_found,Product page not found,,,
18975.0,,,,,,,,,not_found,Product page not found,,,
1900.0,,,,,,,,,not_found,Product page not found,,,
19009.0,,,,,,,,,not_found,Product page not found,,,
1901.0,,,,,,,,,not_found,Product page not found,,,
19010.0,,,,,,,,,not_found,Product page not found,,,
19013.0,,,,,,,,,not_found,Product page not found,,,
19015.0,,,,,,,,,not_found,Product page not found,,,
19016.0,,,,,,,,,not_found,Product page not found,,,
19020.0,,,,,,,,,not_found,Product page not found,,,
19021.0,,,,,,,,,not_found,Product page not found,,,
19022.0,,,,,,,,,not_found,Product page not found,,,
19023.0,,,,,,,,,not_found,Product page not found,,,
1903.0,,,,,,,,,not_found,Product page not found,,,
19037.0,,,,,,,,,not_found,Product page not found,,,
19038.0,,,,,,,,,not_found,Product page not found,,,
1904.0,,,,,,,,,not_found,Product page not found,,,
19040.0,,,,,,,,,not_found,Product page not found,,,
19043.0,,,,,,,,,not_found,Product page not found,,,
19047.0,,,,,,,,,not_found,Product page not found,,,
19049.0,,,,,,,,,not_found,Product page not found,,,
1905.0,,,,,,,,,not_found,Product page not found,,,
19055.0,,,,,,,,,not_found,Product page not found,,,
19059.0,,,,,,,,,not_found,Product page not found,,,
1906.0,,,,,,,,,not_found,Product page not found,,,
19060.0,,,,,,,,,not_found,Product page not found,,,
19065.0,,,,,,,,,not_found,Product page not found,,,
19067.0,,,,,,,,,not_found,Product page not found,,,
19085.0,,,,,,,,,not_found,Product page not found,,,
19088.0,,,,,,,,,not_found,Product page not found,,,
19089.0,,,,,,,,,not_found,Product page not found,,,
19090.0,,,,,,,,,not_found,Product page not found,,,
19092.0,,,,,,,,,not_found,Product page not found,,,
19094.0,,,,,,,,,not_found,Product page not found,,,
19095.0,,,,,,,,,not_found,Product page not found,,,
19096.0,,,,,,,,,not_found,Product page not found,,,
19098.0,,,,,,,,,not_found,Product page not found,,,
1910.0,,,,,,,,,not_found,Product page not found,,,
19100.0,,,,,,,,,not_found,Product page not found,,,
19106.0,,,,,,,,,not_found,Product page not found,,,
19108.0,,,,,,,,,not_found,Product page not found,,,
19137.0,,,,,,,,,not_found,Product page not found,,,
